Transaction_ID,Product_Name,Category,Unit_Price,Quantity_Sold
TX000001,Full-face Helmet,Riding Gear,210.28,1
TX000001,Sport Exhaust System,Sport Parts,484.85,1
TX000002,Riding Gloves,Riding Gear,57,1
TX000003,Racing Brake Pads,Sport Parts,81.15,1
TX000003,Handlebar Grips,Dirt Parts,24.33,1
TX000004,Suspension Upgrade Kit,Dirt Parts,402.53,1
TX000004,LED Light Kit,Accessories,104.68,1
TX000004,Leather Jacket,Riding Gear,340.94,1
TX000004,Racing Brake Pads,Sport Parts,85.93,1
TX000005,Custom Handlebars,V-Twin Parts,160.75,1
TX000005,Leather Jacket,Riding Gear,366.44,1
TX000005,Touring Seat,V-Twin Parts,313.18,1
TX000006,Performance Chain Kit,Sport Parts,118.66,1
TX000006,High-flow Air Filter,Sport Parts,46.48,1
TX000006,Racing Brake Pads,Sport Parts,83.14,1
TX000007,Racing Brake Pads,Sport Parts,84.11,1
TX000008,Riding Gloves,Riding Gear,60.64,1
TX000009,LED Light Kit,Accessories,108.14,1
TX000010,Full-face Helmet,Riding Gear,217.42,1
TX000010,Chrome Engine Guard,V-Twin Parts,248.37,1
TX000011,Protective Skid Plate,Dirt Parts,171.57,1
TX000011,Off-road Tire Set,Dirt Parts,245.36,1
TX000011,Racing Brake Pads,Sport Parts,88.46,1
TX000012,High-flow Air Filter,Sport Parts,45.88,1
TX000012,Phone Mount,Accessories,30.37,1
TX000013,Custom Handlebars,V-Twin Parts,157.19,1
TX000013,Off-road Tire Set,Dirt Parts,246.41,1
TX000014,Racing Brake Pads,Sport Parts,82.15,1
TX000014,Cruiser Foot Pegs,V-Twin Parts,94.86,1
TX000015,Phone Mount,Accessories,30.06,1
TX000016,Custom Handlebars,V-Twin Parts,163.14,1
TX000017,Racing Brake Pads,Sport Parts,85.02,1
TX000018,Full-face Helmet,Riding Gear,220.68,1
TX000019,Leather Jacket,Riding Gear,340.82,1
TX000020,Full-face Helmet,Riding Gear,227.38,1
TX000020,Handlebar Grips,Dirt Parts,24.22,1
TX000021,Racing Brake Pads,Sport Parts,86.23,1
TX000021,Protective Skid Plate,Dirt Parts,183.44,1
TX000022,Touring Seat,V-Twin Parts,312.74,1
TX000023,Motorcycle Cover,Accessories,73.06,1
TX000023,Handlebar Grips,Dirt Parts,25.99,1
TX000024,Chrome Engine Guard,V-Twin Parts,248.32,1
TX000025,Full-face Helmet,Riding Gear,222.34,1
TX000025,Performance Chain Kit,Sport Parts,115.22,1
TX000025,High-flow Air Filter,Sport Parts,42.77,1
TX000026,Phone Mount,Accessories,28.55,1
TX000027,Riding Gloves,Riding Gear,58.85,1
TX000028,Full-face Helmet,Riding Gear,219.71,2
TX000029,Protective Skid Plate,Dirt Parts,176.05,1
TX000029,Handlebar Grips,Dirt Parts,25.36,1
TX000029,High-flow Air Filter,Sport Parts,46.98,1
TX000030,Phone Mount,Accessories,30.22,1
TX000030,Touring Seat,V-Twin Parts,287.26,2
TX000031,Protective Skid Plate,Dirt Parts,178.1,1
TX000032,Performance Chain Kit,Sport Parts,115.68,2
TX000032,Full-face Helmet,Riding Gear,228.3,1
TX000033,Riding Gloves,Riding Gear,58.78,1
TX000034,Tank Bag,Accessories,96.92,1
TX000034,Protective Skid Plate,Dirt Parts,187.02,1
TX000034,Riding Boots,Riding Gear,138.26,1
TX000035,Touring Seat,V-Twin Parts,310.17,2
TX000035,Sport Exhaust System,Sport Parts,468.01,1
TX000036,Sport Exhaust System,Sport Parts,492.96,1
TX000037,High-flow Air Filter,Sport Parts,43.35,1
TX000037,Off-road Tire Set,Dirt Parts,255.36,1
TX000037,Leather Jacket,Riding Gear,346.46,1
TX000038,Racing Brake Pads,Sport Parts,87.86,1
TX000039,Tank Bag,Accessories,92.53,1
TX000040,Chrome Engine Guard,V-Twin Parts,241.3,1
TX000040,Phone Mount,Accessories,29.76,1
TX000041,Racing Brake Pads,Sport Parts,86.73,1
TX000041,Performance Chain Kit,Sport Parts,115.17,1
TX000041,Sport Exhaust System,Sport Parts,478.73,1
TX000042,Full-face Helmet,Riding Gear,210,1
TX000043,LED Light Kit,Accessories,105.28,1
TX000043,Leather Jacket,Riding Gear,333.43,1
TX000044,Full-face Helmet,Riding Gear,221,1
TX000045,Full-face Helmet,Riding Gear,217.3,1
TX000045,Custom Handlebars,V-Twin Parts,161.89,1
TX000045,Chrome Engine Guard,V-Twin Parts,243.74,1
TX000046,Custom Handlebars,V-Twin Parts,163.09,1
TX000047,Riding Gloves,Riding Gear,61.5,1
TX000047,Motorcycle Cover,Accessories,78.68,1
TX000047,Chrome Engine Guard,V-Twin Parts,236.93,1
TX000048,Handlebar Grips,Dirt Parts,24.35,1
TX000048,Custom Handlebars,V-Twin Parts,160.55,1
TX000048,Leather Jacket,Riding Gear,346.14,1
TX000049,Tank Bag,Accessories,93.28,1
TX000050,Suspension Upgrade Kit,Dirt Parts,406.9,1
TX000050,Chrome Engine Guard,V-Twin Parts,247,1
TX000051,Phone Mount,Accessories,31.41,1
TX000051,Racing Brake Pads,Sport Parts,87.86,1
TX000051,Riding Gloves,Riding Gear,62.03,1
TX000051,Protective Skid Plate,Dirt Parts,175.01,1
TX000052,Performance Chain Kit,Sport Parts,118.45,1
TX000052,Phone Mount,Accessories,31.34,1
TX000053,Riding Gloves,Riding Gear,59.27,1
TX000054,Performance Chain Kit,Sport Parts,114.68,1
TX000054,Protective Skid Plate,Dirt Parts,173.12,1
TX000054,Racing Brake Pads,Sport Parts,87.09,1
TX000055,Handlebar Grips,Dirt Parts,25.76,1
TX000056,Tank Bag,Accessories,91.83,1
TX000056,Custom Handlebars,V-Twin Parts,156.71,1
TX000056,Leather Jacket,Riding Gear,356.89,2
TX000057,Chrome Engine Guard,V-Twin Parts,249.37,1
TX000058,High-flow Air Filter,Sport Parts,44.34,1
TX000059,Custom Handlebars,V-Twin Parts,152.52,1
TX000060,Chrome Engine Guard,V-Twin Parts,250.57,1
TX000060,Sport Exhaust System,Sport Parts,483.9,1
TX000061,LED Light Kit,Accessories,106.15,2
TX000061,Racing Brake Pads,Sport Parts,83.99,1
TX000061,Cruiser Foot Pegs,V-Twin Parts,98.25,1
TX000061,Riding Boots,Riding Gear,139.56,1
TX000062,LED Light Kit,Accessories,115.5,1
TX000063,Riding Gloves,Riding Gear,58.23,1
TX000063,Cruiser Foot Pegs,V-Twin Parts,92.86,1
TX000064,Racing Brake Pads,Sport Parts,87.82,1
TX000064,Chrome Engine Guard,V-Twin Parts,247.59,1
TX000064,Handlebar Grips,Dirt Parts,23.97,1
TX000065,Off-road Tire Set,Dirt Parts,257.63,1
TX000065,Riding Boots,Riding Gear,141.64,1
TX000066,Off-road Tire Set,Dirt Parts,250.35,1
TX000066,Tank Bag,Accessories,94.02,1
TX000067,Riding Boots,Riding Gear,143.76,1
TX000067,Suspension Upgrade Kit,Dirt Parts,381.83,1
TX000068,Full-face Helmet,Riding Gear,210.67,1
TX000069,Off-road Tire Set,Dirt Parts,254.91,1
TX000069,Leather Jacket,Riding Gear,363.1,1
TX000070,High-flow Air Filter,Sport Parts,43.55,1
TX000071,Cruiser Foot Pegs,V-Twin Parts,93.39,1
TX000071,Tank Bag,Accessories,91.13,1
TX000072,Sport Exhaust System,Sport Parts,497.68,1
TX000072,Cruiser Foot Pegs,V-Twin Parts,95.92,1
TX000073,Protective Skid Plate,Dirt Parts,177.64,1
TX000074,Sport Exhaust System,Sport Parts,488.98,1
TX000075,Performance Chain Kit,Sport Parts,116.91,1
TX000075,Suspension Upgrade Kit,Dirt Parts,395.09,1
TX000076,Performance Chain Kit,Sport Parts,119.69,1
TX000076,Handlebar Grips,Dirt Parts,25.37,1
TX000076,Custom Handlebars,V-Twin Parts,161.35,1
TX000077,Off-road Tire Set,Dirt Parts,246.58,1
TX000077,Sport Exhaust System,Sport Parts,483.4,1
TX000078,Tank Bag,Accessories,92.39,1
TX000079,High-flow Air Filter,Sport Parts,43.53,1
TX000080,Racing Brake Pads,Sport Parts,89.23,1
TX000081,LED Light Kit,Accessories,114.72,1
TX000081,Motorcycle Cover,Accessories,75.54,1
TX000081,Custom Handlebars,V-Twin Parts,164.31,1
TX000081,High-flow Air Filter,Sport Parts,44.21,1
TX000082,Handlebar Grips,Dirt Parts,23.97,1
TX000082,Riding Gloves,Riding Gear,62.59,1
TX000083,Sport Exhaust System,Sport Parts,503.52,1
TX000084,Leather Jacket,Riding Gear,353.35,1
TX000085,Performance Chain Kit,Sport Parts,125.2,1
TX000085,LED Light Kit,Accessories,106.76,2
TX000085,Riding Gloves,Riding Gear,62.56,1
TX000086,Riding Boots,Riding Gear,135.29,1
TX000087,Full-face Helmet,Riding Gear,215.96,1
TX000088,Riding Gloves,Riding Gear,60.24,1
TX000088,Tank Bag,Accessories,95.74,1
TX000089,Handlebar Grips,Dirt Parts,25.31,1
TX000090,Riding Gloves,Riding Gear,58,1
TX000091,Riding Boots,Riding Gear,143.42,1
TX000091,Sport Exhaust System,Sport Parts,483.35,1
TX000091,Touring Seat,V-Twin Parts,311.3,1
TX000092,Cruiser Foot Pegs,V-Twin Parts,95.02,1
TX000092,Suspension Upgrade Kit,Dirt Parts,399.45,1
TX000093,Full-face Helmet,Riding Gear,214.54,1
TX000093,Leather Jacket,Riding Gear,338.86,1
TX000094,Off-road Tire Set,Dirt Parts,252.87,1
TX000095,Full-face Helmet,Riding Gear,229.51,1
TX000095,Racing Brake Pads,Sport Parts,86.67,1
TX000096,Riding Boots,Riding Gear,134.08,1
TX000096,Cruiser Foot Pegs,V-Twin Parts,98.23,1
TX000097,High-flow Air Filter,Sport Parts,46.52,1
TX000098,Full-face Helmet,Riding Gear,225.37,1
TX000099,Touring Seat,V-Twin Parts,301.12,1
TX000100,Riding Gloves,Riding Gear,58.35,1
TX000101,High-flow Air Filter,Sport Parts,46.26,1
TX000101,Racing Brake Pads,Sport Parts,82.62,1
TX000102,Phone Mount,Accessories,29.74,1
TX000103,Performance Chain Kit,Sport Parts,124.78,1
TX000103,Riding Gloves,Riding Gear,58.14,1
TX000104,Riding Gloves,Riding Gear,60.21,1
TX000105,Sport Exhaust System,Sport Parts,501.41,1
TX000105,High-flow Air Filter,Sport Parts,43.97,1
TX000106,Sport Exhaust System,Sport Parts,487.63,1
TX000107,High-flow Air Filter,Sport Parts,45.43,1
TX000108,Leather Jacket,Riding Gear,335.98,1
TX000109,Motorcycle Cover,Accessories,73.45,1
TX000109,Off-road Tire Set,Dirt Parts,237.83,1
TX000109,Leather Jacket,Riding Gear,339.78,1
TX000110,Off-road Tire Set,Dirt Parts,246.05,1
TX000110,Tank Bag,Accessories,93.86,1
TX000111,Cruiser Foot Pegs,V-Twin Parts,99.51,1
TX000111,Riding Boots,Riding Gear,134.6,1
TX000111,LED Light Kit,Accessories,115.34,1
TX000112,Protective Skid Plate,Dirt Parts,178.25,1
TX000112,Riding Gloves,Riding Gear,60.87,1
TX000113,Leather Jacket,Riding Gear,349.93,1
TX000113,Motorcycle Cover,Accessories,74.29,1
TX000113,Protective Skid Plate,Dirt Parts,183.96,1
TX000114,Tank Bag,Accessories,95.93,1
TX000115,Motorcycle Cover,Accessories,74.42,1
TX000115,Off-road Tire Set,Dirt Parts,261.47,1
TX000116,Custom Handlebars,V-Twin Parts,157.69,1
TX000116,Off-road Tire Set,Dirt Parts,244.93,1
TX000117,Phone Mount,Accessories,28.59,1
TX000117,Riding Gloves,Riding Gear,60.57,1
TX000118,Full-face Helmet,Riding Gear,216.58,1
TX000119,Leather Jacket,Riding Gear,361.17,1
TX000119,Off-road Tire Set,Dirt Parts,254.87,1
TX000120,Performance Chain Kit,Sport Parts,115.64,1
TX000121,Performance Chain Kit,Sport Parts,121.67,1
TX000121,Phone Mount,Accessories,30.67,1
TX000122,Full-face Helmet,Riding Gear,209.97,1
TX000122,Leather Jacket,Riding Gear,367.48,1
TX000122,Racing Brake Pads,Sport Parts,84.77,1
TX000123,Chrome Engine Guard,V-Twin Parts,250.66,1
TX000123,Tank Bag,Accessories,98.44,1
TX000124,Full-face Helmet,Riding Gear,219.58,1
TX000124,Touring Seat,V-Twin Parts,300.91,1
TX000125,Touring Seat,V-Twin Parts,308.72,1
TX000126,Off-road Tire Set,Dirt Parts,249.05,1
TX000126,LED Light Kit,Accessories,104.5,2
TX000127,Phone Mount,Accessories,29.94,1
TX000127,Cruiser Foot Pegs,V-Twin Parts,98.55,1
TX000127,Riding Boots,Riding Gear,143.76,2
TX000128,Custom Handlebars,V-Twin Parts,156.6,1
TX000128,Performance Chain Kit,Sport Parts,116.8,1
TX000129,Racing Brake Pads,Sport Parts,88.88,1
TX000129,Performance Chain Kit,Sport Parts,117.11,1
TX000129,Off-road Tire Set,Dirt Parts,262.06,1
TX000130,Riding Gloves,Riding Gear,61.98,1
TX000130,Racing Brake Pads,Sport Parts,81.15,1
TX000130,Off-road Tire Set,Dirt Parts,238.42,1
TX000130,Motorcycle Cover,Accessories,77.45,2
TX000131,LED Light Kit,Accessories,112.84,1
TX000131,Tank Bag,Accessories,91.71,1
TX000131,Phone Mount,Accessories,29.17,1
TX000131,High-flow Air Filter,Sport Parts,45.17,1
TX000132,Suspension Upgrade Kit,Dirt Parts,381.78,1
TX000132,Off-road Tire Set,Dirt Parts,238.39,1
TX000132,Chrome Engine Guard,V-Twin Parts,250.36,1
TX000133,Custom Handlebars,V-Twin Parts,159.93,1
TX000134,Tank Bag,Accessories,90.83,2
TX000135,Leather Jacket,Riding Gear,341.85,1
TX000136,Custom Handlebars,V-Twin Parts,155.82,1
TX000136,Sport Exhaust System,Sport Parts,461.08,1
TX000136,High-flow Air Filter,Sport Parts,43.6,1
TX000137,Racing Brake Pads,Sport Parts,87.07,1
TX000137,Motorcycle Cover,Accessories,77.38,1
TX000137,Sport Exhaust System,Sport Parts,480.36,1
TX000138,Touring Seat,V-Twin Parts,288.48,1
TX000139,Chrome Engine Guard,V-Twin Parts,238.37,1
TX000140,Riding Gloves,Riding Gear,58.04,1
TX000141,Riding Gloves,Riding Gear,60.49,1
TX000142,LED Light Kit,Accessories,111.94,2
TX000143,Cruiser Foot Pegs,V-Twin Parts,93.78,1
TX000143,Racing Brake Pads,Sport Parts,82.9,1
TX000144,Phone Mount,Accessories,29.85,1
TX000145,Chrome Engine Guard,V-Twin Parts,231.15,1
TX000145,LED Light Kit,Accessories,115.1,1
TX000145,Riding Boots,Riding Gear,143.24,1
TX000146,Chrome Engine Guard,V-Twin Parts,237.82,2
TX000147,Racing Brake Pads,Sport Parts,83.88,1
TX000148,Performance Chain Kit,Sport Parts,119.44,1
TX000149,Sport Exhaust System,Sport Parts,485.6,1
TX000149,Racing Brake Pads,Sport Parts,84.84,1
TX000150,Handlebar Grips,Dirt Parts,24.15,1
TX000151,Riding Boots,Riding Gear,139.37,1
TX000152,Off-road Tire Set,Dirt Parts,253.92,1
TX000152,Phone Mount,Accessories,31.36,1
TX000153,Performance Chain Kit,Sport Parts,115.71,2
TX000153,Custom Handlebars,V-Twin Parts,161.89,1
TX000154,Phone Mount,Accessories,28.75,1
TX000154,Performance Chain Kit,Sport Parts,118.29,1
TX000154,Handlebar Grips,Dirt Parts,26.19,1
TX000155,High-flow Air Filter,Sport Parts,42.89,1
TX000155,Performance Chain Kit,Sport Parts,114.62,1
TX000155,Leather Jacket,Riding Gear,357.32,1
TX000156,Riding Boots,Riding Gear,142.25,1
TX000156,Full-face Helmet,Riding Gear,222.14,1
TX000157,High-flow Air Filter,Sport Parts,46.01,1
TX000158,Full-face Helmet,Riding Gear,225.37,1
TX000158,Touring Seat,V-Twin Parts,298.01,1
TX000159,Leather Jacket,Riding Gear,351.49,1
TX000160,Custom Handlebars,V-Twin Parts,155.26,1
TX000161,Riding Gloves,Riding Gear,62.93,1
TX000161,Off-road Tire Set,Dirt Parts,259.18,1
TX000161,Chrome Engine Guard,V-Twin Parts,238.53,1
TX000162,Tank Bag,Accessories,98.92,1
TX000162,Off-road Tire Set,Dirt Parts,253.07,1
TX000162,Chrome Engine Guard,V-Twin Parts,245.59,1
TX000163,Full-face Helmet,Riding Gear,217.2,1
TX000164,Protective Skid Plate,Dirt Parts,180.27,1
TX000164,Custom Handlebars,V-Twin Parts,161.49,1
TX000164,LED Light Kit,Accessories,108.8,1
TX000165,Racing Brake Pads,Sport Parts,82.74,1
TX000165,Full-face Helmet,Riding Gear,218.72,1
TX000165,Off-road Tire Set,Dirt Parts,248.72,1
TX000166,Full-face Helmet,Riding Gear,212.67,1
TX000167,Cruiser Foot Pegs,V-Twin Parts,96.95,1
TX000167,Handlebar Grips,Dirt Parts,25.91,1
TX000168,Chrome Engine Guard,V-Twin Parts,240.75,1
TX000169,Custom Handlebars,V-Twin Parts,153.65,1
TX000169,High-flow Air Filter,Sport Parts,45.85,1
TX000170,Racing Brake Pads,Sport Parts,85.68,1
TX000170,Touring Seat,V-Twin Parts,300.65,1
TX000171,Racing Brake Pads,Sport Parts,86.74,1
TX000172,High-flow Air Filter,Sport Parts,43.45,1
TX000173,Leather Jacket,Riding Gear,365.56,1
TX000174,Motorcycle Cover,Accessories,77.01,1
TX000175,Full-face Helmet,Riding Gear,221.7,1
TX000175,Phone Mount,Accessories,28.98,1
TX000175,Motorcycle Cover,Accessories,73.64,1
TX000176,Riding Boots,Riding Gear,138.66,1
TX000176,Handlebar Grips,Dirt Parts,25.42,1
TX000176,Riding Gloves,Riding Gear,61.57,1
TX000177,Cruiser Foot Pegs,V-Twin Parts,96.24,1
TX000177,Chrome Engine Guard,V-Twin Parts,241.52,1
TX000177,Full-face Helmet,Riding Gear,221.07,1
TX000178,Custom Handlebars,V-Twin Parts,161.66,1
TX000179,Handlebar Grips,Dirt Parts,26.04,1
TX000179,Phone Mount,Accessories,28.83,1
TX000180,Handlebar Grips,Dirt Parts,25.78,1
TX000180,Full-face Helmet,Riding Gear,230.02,1
TX000181,Full-face Helmet,Riding Gear,214.36,1
TX000182,Cruiser Foot Pegs,V-Twin Parts,93.17,1
TX000182,Performance Chain Kit,Sport Parts,120.47,1
TX000182,Protective Skid Plate,Dirt Parts,181.99,1
TX000182,Custom Handlebars,V-Twin Parts,156.36,1
TX000183,Sport Exhaust System,Sport Parts,464.86,1
TX000183,LED Light Kit,Accessories,113.23,1
TX000184,Performance Chain Kit,Sport Parts,118.48,1
TX000185,Full-face Helmet,Riding Gear,222.06,1
TX000186,Off-road Tire Set,Dirt Parts,246.34,1
TX000186,LED Light Kit,Accessories,113.09,1
TX000187,Leather Jacket,Riding Gear,347.34,1
TX000187,Motorcycle Cover,Accessories,73.01,1
TX000187,Riding Boots,Riding Gear,139.62,1
TX000188,Full-face Helmet,Riding Gear,221.03,1
TX000189,Racing Brake Pads,Sport Parts,85.82,1
TX000189,Sport Exhaust System,Sport Parts,477.25,1
TX000190,Touring Seat,V-Twin Parts,303.1,1
TX000191,Performance Chain Kit,Sport Parts,124.73,1
TX000192,Touring Seat,V-Twin Parts,298.27,1
TX000193,Full-face Helmet,Riding Gear,222.04,1
TX000194,Touring Seat,V-Twin Parts,314.82,1
TX000195,Off-road Tire Set,Dirt Parts,253.37,1
TX000195,Touring Seat,V-Twin Parts,290.11,1
TX000195,Handlebar Grips,Dirt Parts,24.81,1
TX000195,Performance Chain Kit,Sport Parts,114.01,1
TX000196,Custom Handlebars,V-Twin Parts,166.83,2
TX000196,Off-road Tire Set,Dirt Parts,258.55,1
TX000196,Sport Exhaust System,Sport Parts,485.93,1
TX000197,Full-face Helmet,Riding Gear,211.59,1
TX000197,Protective Skid Plate,Dirt Parts,177.15,1
TX000197,High-flow Air Filter,Sport Parts,44.31,1
TX000198,Off-road Tire Set,Dirt Parts,252.51,1
TX000199,Handlebar Grips,Dirt Parts,25.1,1
TX000199,Off-road Tire Set,Dirt Parts,254.36,1
TX000199,Protective Skid Plate,Dirt Parts,183.99,1
TX000200,Performance Chain Kit,Sport Parts,116.08,1
TX000201,Handlebar Grips,Dirt Parts,24.1,1
TX000201,Tank Bag,Accessories,98.13,1
TX000201,Suspension Upgrade Kit,Dirt Parts,418.11,1
TX000201,Chrome Engine Guard,V-Twin Parts,243.99,1
TX000202,Sport Exhaust System,Sport Parts,482.38,1
TX000203,Full-face Helmet,Riding Gear,222.63,1
TX000204,Riding Boots,Riding Gear,133.81,1
TX000205,Off-road Tire Set,Dirt Parts,239.37,1
TX000206,Full-face Helmet,Riding Gear,213.86,1
TX000206,Custom Handlebars,V-Twin Parts,162.49,1
TX000207,LED Light Kit,Accessories,106.64,1
TX000208,High-flow Air Filter,Sport Parts,43.87,1
TX000208,Off-road Tire Set,Dirt Parts,247.96,1
TX000209,Sport Exhaust System,Sport Parts,467.58,1
TX000209,Handlebar Grips,Dirt Parts,25.75,1
TX000209,Custom Handlebars,V-Twin Parts,159.81,1
TX000210,Protective Skid Plate,Dirt Parts,173.29,1
TX000210,Chrome Engine Guard,V-Twin Parts,233.84,1
TX000211,Off-road Tire Set,Dirt Parts,257.13,1
TX000212,Phone Mount,Accessories,29.34,1
TX000212,Motorcycle Cover,Accessories,73.15,1
TX000213,Leather Jacket,Riding Gear,353.99,1
TX000213,Tank Bag,Accessories,95.17,1
TX000214,Off-road Tire Set,Dirt Parts,240.13,1
TX000214,Racing Brake Pads,Sport Parts,85.07,1
TX000214,Riding Gloves,Riding Gear,59.77,1
TX000214,Leather Jacket,Riding Gear,366.48,2
TX000215,High-flow Air Filter,Sport Parts,45.72,1
TX000216,Protective Skid Plate,Dirt Parts,185.08,1
TX000217,Custom Handlebars,V-Twin Parts,161.84,1
TX000218,Racing Brake Pads,Sport Parts,83.24,1
TX000218,Phone Mount,Accessories,30.31,2
TX000219,Full-face Helmet,Riding Gear,211.44,1
TX000219,Sport Exhaust System,Sport Parts,460.56,1
TX000220,Full-face Helmet,Riding Gear,214.3,1
TX000221,Racing Brake Pads,Sport Parts,83.44,1
TX000221,Phone Mount,Accessories,29.28,1
TX000222,Phone Mount,Accessories,30.17,1
TX000223,Handlebar Grips,Dirt Parts,26.09,2
TX000224,Performance Chain Kit,Sport Parts,115.81,1
TX000224,Phone Mount,Accessories,29.74,1
TX000225,Performance Chain Kit,Sport Parts,120.93,1
TX000225,Sport Exhaust System,Sport Parts,476.82,1
TX000226,Custom Handlebars,V-Twin Parts,167.87,1
TX000227,Leather Jacket,Riding Gear,354.02,1
TX000227,Touring Seat,V-Twin Parts,296.26,1
TX000227,Riding Gloves,Riding Gear,60.14,1
TX000228,Riding Gloves,Riding Gear,62.75,1
TX000229,LED Light Kit,Accessories,108.74,1
TX000229,Suspension Upgrade Kit,Dirt Parts,411.22,1
TX000229,Protective Skid Plate,Dirt Parts,173.48,1
TX000230,Racing Brake Pads,Sport Parts,87.5,1
TX000230,Full-face Helmet,Riding Gear,221.94,1
TX000231,Performance Chain Kit,Sport Parts,114.63,1
TX000231,Custom Handlebars,V-Twin Parts,161.59,1
TX000232,Protective Skid Plate,Dirt Parts,185.13,1
TX000232,Performance Chain Kit,Sport Parts,123.46,1
TX000232,Racing Brake Pads,Sport Parts,84.49,1
TX000233,Custom Handlebars,V-Twin Parts,164.82,1
TX000233,Cruiser Foot Pegs,V-Twin Parts,97.22,1
TX000234,Full-face Helmet,Riding Gear,211.6,1
TX000235,Riding Gloves,Riding Gear,60.39,1
TX000235,Phone Mount,Accessories,29,2
TX000236,Protective Skid Plate,Dirt Parts,187.93,1
TX000237,Cruiser Foot Pegs,V-Twin Parts,94.82,1
TX000238,Performance Chain Kit,Sport Parts,119.96,1
TX000239,Racing Brake Pads,Sport Parts,81.87,1
TX000240,Phone Mount,Accessories,29.35,1
TX000240,Performance Chain Kit,Sport Parts,116.96,1
TX000241,Off-road Tire Set,Dirt Parts,244.2,1
TX000242,Racing Brake Pads,Sport Parts,81.93,1
TX000243,Performance Chain Kit,Sport Parts,115.54,1
TX000243,Custom Handlebars,V-Twin Parts,158.3,1
TX000243,Riding Gloves,Riding Gear,61.73,1
TX000244,Sport Exhaust System,Sport Parts,501.46,1
TX000244,Riding Gloves,Riding Gear,58.1,2
TX000244,High-flow Air Filter,Sport Parts,45.99,1
TX000244,Touring Seat,V-Twin Parts,287.67,1
TX000245,Performance Chain Kit,Sport Parts,114.81,1
TX000245,LED Light Kit,Accessories,110.48,1
TX000246,Off-road Tire Set,Dirt Parts,239.94,1
TX000246,Sport Exhaust System,Sport Parts,478.09,1
TX000246,Leather Jacket,Riding Gear,342.67,1
TX000247,Phone Mount,Accessories,29.99,1
TX000248,Riding Boots,Riding Gear,134.77,1
TX000248,Riding Gloves,Riding Gear,57.97,1
TX000249,Handlebar Grips,Dirt Parts,24.73,1
TX000249,Performance Chain Kit,Sport Parts,118.46,1
TX000249,Cruiser Foot Pegs,V-Twin Parts,94.03,1
TX000250,High-flow Air Filter,Sport Parts,44.36,1
TX000251,Riding Boots,Riding Gear,140.46,1
TX000251,Off-road Tire Set,Dirt Parts,254.9,1
TX000252,Tank Bag,Accessories,92.17,1
TX000252,Chrome Engine Guard,V-Twin Parts,249.46,1
TX000252,Phone Mount,Accessories,28.96,1
TX000253,LED Light Kit,Accessories,109.84,2
TX000253,Sport Exhaust System,Sport Parts,490.81,1
TX000253,Riding Gloves,Riding Gear,62.98,1
TX000253,Touring Seat,V-Twin Parts,304.68,1
TX000254,Riding Gloves,Riding Gear,61.39,1
TX000254,Tank Bag,Accessories,98.4,1
TX000255,Riding Boots,Riding Gear,145.62,2
TX000256,Motorcycle Cover,Accessories,76.59,1
TX000256,Touring Seat,V-Twin Parts,288.02,1
TX000257,Riding Gloves,Riding Gear,60.46,1
TX000257,High-flow Air Filter,Sport Parts,46.38,1
TX000257,Full-face Helmet,Riding Gear,214.59,1
TX000258,Touring Seat,V-Twin Parts,305.45,1
TX000259,Motorcycle Cover,Accessories,76.07,1
TX000260,Cruiser Foot Pegs,V-Twin Parts,97.5,1
TX000261,LED Light Kit,Accessories,111.88,1
TX000261,Riding Boots,Riding Gear,134.55,1
TX000261,Leather Jacket,Riding Gear,348.61,1
TX000261,Custom Handlebars,V-Twin Parts,160.75,1
TX000262,Racing Brake Pads,Sport Parts,88.96,1
TX000262,Off-road Tire Set,Dirt Parts,255.19,1
TX000263,LED Light Kit,Accessories,110.65,1
TX000263,Phone Mount,Accessories,30.1,1
TX000264,Riding Gloves,Riding Gear,57.58,1
TX000265,Motorcycle Cover,Accessories,72.95,1
TX000266,LED Light Kit,Accessories,106.54,1
TX000266,Leather Jacket,Riding Gear,340.88,1
TX000266,Full-face Helmet,Riding Gear,209.76,1
TX000267,Protective Skid Plate,Dirt Parts,173.07,1
TX000267,Racing Brake Pads,Sport Parts,88.48,1
TX000267,Motorcycle Cover,Accessories,77.47,1
TX000268,Leather Jacket,Riding Gear,364.37,1
TX000269,High-flow Air Filter,Sport Parts,44.75,1
TX000270,Protective Skid Plate,Dirt Parts,177.92,1
TX000271,Full-face Helmet,Riding Gear,216.96,1
TX000271,Riding Gloves,Riding Gear,57.27,1
TX000271,Protective Skid Plate,Dirt Parts,175.98,1
TX000271,Racing Brake Pads,Sport Parts,83.57,1
TX000272,Suspension Upgrade Kit,Dirt Parts,414.17,1
TX000272,Full-face Helmet,Riding Gear,227.33,1
TX000273,Motorcycle Cover,Accessories,75.1,1
TX000274,Chrome Engine Guard,V-Twin Parts,241.79,1
TX000274,Motorcycle Cover,Accessories,76.32,1
TX000274,Handlebar Grips,Dirt Parts,24.88,1
TX000275,LED Light Kit,Accessories,111.92,1
TX000275,Leather Jacket,Riding Gear,357.65,1
TX000276,Racing Brake Pads,Sport Parts,88.16,1
TX000276,Riding Gloves,Riding Gear,60.99,1
TX000276,Motorcycle Cover,Accessories,76.22,1
TX000277,Riding Gloves,Riding Gear,57.48,1
TX000278,Leather Jacket,Riding Gear,332.85,1
TX000278,Cruiser Foot Pegs,V-Twin Parts,98.93,1
TX000279,Full-face Helmet,Riding Gear,220.66,1
TX000280,Racing Brake Pads,Sport Parts,83.26,1
TX000281,Tank Bag,Accessories,92.3,1
TX000282,LED Light Kit,Accessories,111.9,1
TX000282,Leather Jacket,Riding Gear,343.22,1
TX000283,Cruiser Foot Pegs,V-Twin Parts,95.75,1
TX000284,Cruiser Foot Pegs,V-Twin Parts,96.79,1
TX000284,Full-face Helmet,Riding Gear,212.67,1
TX000285,Riding Boots,Riding Gear,137.76,1
TX000286,Touring Seat,V-Twin Parts,294.34,1
TX000286,Performance Chain Kit,Sport Parts,121.27,1
TX000287,Handlebar Grips,Dirt Parts,26.18,1
TX000287,Performance Chain Kit,Sport Parts,125.73,1
TX000288,Racing Brake Pads,Sport Parts,84.05,1
TX000289,Sport Exhaust System,Sport Parts,462.24,1
TX000290,Suspension Upgrade Kit,Dirt Parts,419.79,1
TX000291,Phone Mount,Accessories,29.66,1
TX000292,Handlebar Grips,Dirt Parts,25.65,1
TX000293,Custom Handlebars,V-Twin Parts,152.92,1
TX000294,Cruiser Foot Pegs,V-Twin Parts,94.47,1
TX000294,Handlebar Grips,Dirt Parts,24.97,1
TX000295,Full-face Helmet,Riding Gear,209.87,1
TX000295,Handlebar Grips,Dirt Parts,25.11,1
TX000295,High-flow Air Filter,Sport Parts,47.09,1
TX000296,Suspension Upgrade Kit,Dirt Parts,409.83,1
TX000297,Chrome Engine Guard,V-Twin Parts,239.1,1
TX000297,LED Light Kit,Accessories,109.82,2
TX000297,Phone Mount,Accessories,30.27,1
TX000298,Handlebar Grips,Dirt Parts,26.05,1
TX000298,Off-road Tire Set,Dirt Parts,255.64,1
TX000299,Motorcycle Cover,Accessories,75.55,1
TX000300,Racing Brake Pads,Sport Parts,83.29,1
TX000301,Racing Brake Pads,Sport Parts,82.63,1
TX000302,Leather Jacket,Riding Gear,337.21,1
TX000302,Riding Gloves,Riding Gear,59.15,1
TX000303,Handlebar Grips,Dirt Parts,24.25,2
TX000303,Riding Boots,Riding Gear,134.26,2
TX000304,Full-face Helmet,Riding Gear,209.12,1
TX000305,Riding Boots,Riding Gear,134.24,1
TX000305,LED Light Kit,Accessories,105.35,1
TX000306,Cruiser Foot Pegs,V-Twin Parts,97.93,1
TX000307,Chrome Engine Guard,V-Twin Parts,247.07,1
TX000307,Performance Chain Kit,Sport Parts,114.6,1
TX000308,Custom Handlebars,V-Twin Parts,156.68,1
TX000308,LED Light Kit,Accessories,107.43,1
TX000309,Custom Handlebars,V-Twin Parts,161.66,1
TX000309,Full-face Helmet,Riding Gear,223.25,1
TX000310,LED Light Kit,Accessories,110.6,1
TX000310,Suspension Upgrade Kit,Dirt Parts,401.05,1
TX000311,Motorcycle Cover,Accessories,77.07,1
TX000311,Handlebar Grips,Dirt Parts,24.99,1
TX000311,Protective Skid Plate,Dirt Parts,173.41,1
TX000312,Racing Brake Pads,Sport Parts,81.15,1
TX000313,LED Light Kit,Accessories,107.22,1
TX000314,Cruiser Foot Pegs,V-Twin Parts,98.26,1
TX000315,Off-road Tire Set,Dirt Parts,239.73,1
TX000315,Tank Bag,Accessories,94.94,1
TX000315,Cruiser Foot Pegs,V-Twin Parts,96.26,1
TX000316,Custom Handlebars,V-Twin Parts,154.92,1
TX000317,Riding Gloves,Riding Gear,57.29,1
TX000317,Chrome Engine Guard,V-Twin Parts,250.96,1
TX000317,Performance Chain Kit,Sport Parts,119.19,1
TX000317,Riding Boots,Riding Gear,135.92,1
TX000318,Riding Boots,Riding Gear,144.51,1
TX000319,Suspension Upgrade Kit,Dirt Parts,407.11,1
TX000319,LED Light Kit,Accessories,107.75,1
TX000320,Riding Gloves,Riding Gear,57.31,2
TX000321,Performance Chain Kit,Sport Parts,123.88,1
TX000321,Racing Brake Pads,Sport Parts,85.37,1
TX000322,Tank Bag,Accessories,96.99,1
TX000323,Touring Seat,V-Twin Parts,306.75,1
TX000323,Tank Bag,Accessories,90.65,1
TX000324,Riding Boots,Riding Gear,140.3,1
TX000325,Performance Chain Kit,Sport Parts,116.18,1
TX000325,Cruiser Foot Pegs,V-Twin Parts,93.4,1
TX000326,Cruiser Foot Pegs,V-Twin Parts,96.39,1
TX000326,Racing Brake Pads,Sport Parts,87.95,1
TX000327,Full-face Helmet,Riding Gear,228.79,1
TX000327,Chrome Engine Guard,V-Twin Parts,250.5,1
TX000327,Custom Handlebars,V-Twin Parts,159.57,1
TX000328,Phone Mount,Accessories,30.45,1
TX000328,Custom Handlebars,V-Twin Parts,160.98,1
TX000329,High-flow Air Filter,Sport Parts,45.55,1
TX000330,Phone Mount,Accessories,31.22,1
TX000331,Chrome Engine Guard,V-Twin Parts,229.49,1
TX000331,Suspension Upgrade Kit,Dirt Parts,380.31,1
TX000331,Tank Bag,Accessories,94.5,1
TX000332,Riding Boots,Riding Gear,146.29,1
TX000333,Riding Boots,Riding Gear,140.85,1
TX000333,Handlebar Grips,Dirt Parts,24.95,1
TX000333,High-flow Air Filter,Sport Parts,45.78,1
TX000334,LED Light Kit,Accessories,114.97,1
TX000334,Custom Handlebars,V-Twin Parts,163.39,2
TX000334,Phone Mount,Accessories,30.21,2
TX000335,Performance Chain Kit,Sport Parts,116.28,2
TX000335,Full-face Helmet,Riding Gear,228.97,1
TX000336,Phone Mount,Accessories,29.68,2
TX000337,Custom Handlebars,V-Twin Parts,154.6,1
TX000337,Full-face Helmet,Riding Gear,225.98,1
TX000338,Riding Boots,Riding Gear,133.64,1
TX000338,Cruiser Foot Pegs,V-Twin Parts,91.94,1
TX000338,Handlebar Grips,Dirt Parts,25.77,1
TX000339,Suspension Upgrade Kit,Dirt Parts,384.74,1
TX000340,Phone Mount,Accessories,28.6,1
TX000340,Protective Skid Plate,Dirt Parts,179,1
TX000340,Suspension Upgrade Kit,Dirt Parts,404.88,1
TX000340,Full-face Helmet,Riding Gear,217.5,2
TX000341,Custom Handlebars,V-Twin Parts,153.63,1
TX000341,High-flow Air Filter,Sport Parts,43.74,1
TX000342,Sport Exhaust System,Sport Parts,483.04,1
TX000342,Leather Jacket,Riding Gear,343.92,1
TX000342,Custom Handlebars,V-Twin Parts,154.3,1
TX000342,Off-road Tire Set,Dirt Parts,260.09,1
TX000343,Riding Boots,Riding Gear,139.97,1
TX000344,Chrome Engine Guard,V-Twin Parts,228.79,1
TX000345,LED Light Kit,Accessories,105.55,1
TX000346,Cruiser Foot Pegs,V-Twin Parts,90.68,1
TX000346,Motorcycle Cover,Accessories,78.23,1
TX000346,Protective Skid Plate,Dirt Parts,180.84,1
TX000347,Cruiser Foot Pegs,V-Twin Parts,92.16,1
TX000348,Custom Handlebars,V-Twin Parts,163.67,1
TX000349,LED Light Kit,Accessories,108.08,1
TX000349,Off-road Tire Set,Dirt Parts,257.92,1
TX000350,Off-road Tire Set,Dirt Parts,247.02,1
TX000350,Custom Handlebars,V-Twin Parts,164.06,1
TX000350,Riding Boots,Riding Gear,136.77,1
TX000350,Handlebar Grips,Dirt Parts,24.42,1
TX000351,Phone Mount,Accessories,28.89,1
TX000352,Protective Skid Plate,Dirt Parts,185.9,1
TX000352,Cruiser Foot Pegs,V-Twin Parts,97.04,1
TX000353,Riding Gloves,Riding Gear,61.84,1
TX000353,LED Light Kit,Accessories,108.3,1
TX000354,Sport Exhaust System,Sport Parts,488.21,1
TX000355,High-flow Air Filter,Sport Parts,46.05,1
TX000356,Sport Exhaust System,Sport Parts,460.68,1
TX000356,Riding Boots,Riding Gear,140.02,1
TX000356,Full-face Helmet,Riding Gear,220.75,1
TX000357,Riding Gloves,Riding Gear,61.8,1
TX000357,LED Light Kit,Accessories,108.86,1
TX000358,Full-face Helmet,Riding Gear,220.03,1
TX000358,Touring Seat,V-Twin Parts,294.39,1
TX000359,Tank Bag,Accessories,95.46,1
TX000359,Racing Brake Pads,Sport Parts,83.36,1
TX000359,Leather Jacket,Riding Gear,354.25,1
TX000360,Full-face Helmet,Riding Gear,216.34,1
TX000360,Custom Handlebars,V-Twin Parts,153.15,1
TX000360,Cruiser Foot Pegs,V-Twin Parts,93.87,1
TX000361,Full-face Helmet,Riding Gear,225.52,1
TX000361,High-flow Air Filter,Sport Parts,44,1
TX000362,Performance Chain Kit,Sport Parts,118.84,1
TX000362,Protective Skid Plate,Dirt Parts,183.68,1
TX000362,High-flow Air Filter,Sport Parts,44.31,1
TX000362,Phone Mount,Accessories,29.29,1
TX000363,Full-face Helmet,Riding Gear,212.17,1
TX000363,Handlebar Grips,Dirt Parts,24.18,1
TX000364,Leather Jacket,Riding Gear,335.72,1
TX000365,Phone Mount,Accessories,30.53,1
TX000366,Protective Skid Plate,Dirt Parts,174.13,1
TX000366,Custom Handlebars,V-Twin Parts,159.19,1
TX000367,LED Light Kit,Accessories,112.21,1
TX000367,High-flow Air Filter,Sport Parts,44.59,1
TX000368,Handlebar Grips,Dirt Parts,25.6,1
TX000368,Phone Mount,Accessories,30.49,1
TX000368,Custom Handlebars,V-Twin Parts,163.89,1
TX000368,Riding Gloves,Riding Gear,62.34,1
TX000369,Motorcycle Cover,Accessories,72.97,2
TX000369,Protective Skid Plate,Dirt Parts,183.07,1
TX000369,Off-road Tire Set,Dirt Parts,242.6,1
TX000370,Riding Gloves,Riding Gear,58.62,1
TX000370,Racing Brake Pads,Sport Parts,81.28,1
TX000370,Custom Handlebars,V-Twin Parts,163.72,1
TX000371,Cruiser Foot Pegs,V-Twin Parts,93.89,1
TX000371,Touring Seat,V-Twin Parts,293.5,1
TX000372,Riding Gloves,Riding Gear,59.23,1
TX000372,Protective Skid Plate,Dirt Parts,181.52,1
TX000373,Tank Bag,Accessories,94.16,1
TX000373,LED Light Kit,Accessories,111.52,1
TX000373,Racing Brake Pads,Sport Parts,85,1
TX000374,Racing Brake Pads,Sport Parts,83.31,1
TX000374,Motorcycle Cover,Accessories,71.67,1
TX000374,Chrome Engine Guard,V-Twin Parts,250.25,1
TX000374,Off-road Tire Set,Dirt Parts,256.61,1
TX000375,High-flow Air Filter,Sport Parts,43.07,1
TX000376,Motorcycle Cover,Accessories,71.31,1
TX000376,Off-road Tire Set,Dirt Parts,248.58,1
TX000377,Cruiser Foot Pegs,V-Twin Parts,97.75,1
TX000378,Riding Boots,Riding Gear,136.24,1
TX000378,Full-face Helmet,Riding Gear,228.88,1
TX000378,Cruiser Foot Pegs,V-Twin Parts,98.12,1
TX000379,Leather Jacket,Riding Gear,347.87,1
TX000379,Motorcycle Cover,Accessories,72.45,1
TX000379,LED Light Kit,Accessories,106.47,1
TX000380,High-flow Air Filter,Sport Parts,45.98,1
TX000381,Handlebar Grips,Dirt Parts,24.79,1
TX000382,Full-face Helmet,Riding Gear,211.61,1
TX000383,Racing Brake Pads,Sport Parts,82.74,1
TX000384,Off-road Tire Set,Dirt Parts,255.05,1
TX000384,Handlebar Grips,Dirt Parts,25,1
TX000385,Racing Brake Pads,Sport Parts,84.96,1
TX000385,Phone Mount,Accessories,29.82,1
TX000386,Off-road Tire Set,Dirt Parts,242.61,1
TX000387,Full-face Helmet,Riding Gear,228.48,1
TX000387,LED Light Kit,Accessories,112.36,1
TX000387,Leather Jacket,Riding Gear,358.1,1
TX000388,Motorcycle Cover,Accessories,77.19,1
TX000388,LED Light Kit,Accessories,106.52,1
TX000388,Protective Skid Plate,Dirt Parts,186.89,1
TX000389,Full-face Helmet,Riding Gear,215.18,1
TX000390,Off-road Tire Set,Dirt Parts,253.71,1
TX000390,Handlebar Grips,Dirt Parts,24.69,1
TX000390,Phone Mount,Accessories,29.8,1
TX000391,Cruiser Foot Pegs,V-Twin Parts,90.9,1
TX000392,Leather Jacket,Riding Gear,340.12,1
TX000392,Riding Gloves,Riding Gear,59.9,1
TX000393,Handlebar Grips,Dirt Parts,25.12,1
TX000394,Racing Brake Pads,Sport Parts,86.38,1
TX000394,Custom Handlebars,V-Twin Parts,158.25,1
TX000394,Riding Gloves,Riding Gear,58.55,1
TX000395,Handlebar Grips,Dirt Parts,25.54,1
TX000395,Full-face Helmet,Riding Gear,213.45,1
TX000395,Sport Exhaust System,Sport Parts,467.59,1
TX000396,Protective Skid Plate,Dirt Parts,177.89,1
TX000396,High-flow Air Filter,Sport Parts,45.72,1
TX000396,Performance Chain Kit,Sport Parts,117.26,1
TX000397,Riding Gloves,Riding Gear,61.96,1
TX000397,Custom Handlebars,V-Twin Parts,156.46,1
TX000398,Riding Boots,Riding Gear,139.46,1
TX000399,Leather Jacket,Riding Gear,347.63,1
TX000400,LED Light Kit,Accessories,110.63,1
TX000401,Off-road Tire Set,Dirt Parts,248.41,1
TX000401,High-flow Air Filter,Sport Parts,43.17,1
TX000401,Protective Skid Plate,Dirt Parts,185.63,1
TX000402,Touring Seat,V-Twin Parts,292.24,2
TX000402,Riding Gloves,Riding Gear,59.47,1
TX000402,Motorcycle Cover,Accessories,71.42,1
TX000402,LED Light Kit,Accessories,113.12,1
TX000403,Riding Boots,Riding Gear,143.67,1
TX000404,Phone Mount,Accessories,29.71,1
TX000405,Riding Gloves,Riding Gear,62.57,1
TX000405,Off-road Tire Set,Dirt Parts,250.69,1
TX000405,High-flow Air Filter,Sport Parts,47.23,1
TX000405,Full-face Helmet,Riding Gear,223.29,2
TX000406,Protective Skid Plate,Dirt Parts,172.98,1
TX000406,Phone Mount,Accessories,30.39,1
TX000406,Motorcycle Cover,Accessories,76.08,1
TX000406,Cruiser Foot Pegs,V-Twin Parts,90.91,1
TX000407,Full-face Helmet,Riding Gear,219.01,1
TX000407,High-flow Air Filter,Sport Parts,46.52,1
TX000408,Full-face Helmet,Riding Gear,230.14,1
TX000408,Riding Gloves,Riding Gear,59.93,1
TX000408,Motorcycle Cover,Accessories,72.4,1
TX000409,Performance Chain Kit,Sport Parts,121.13,1
TX000409,Riding Gloves,Riding Gear,57.4,1
TX000410,LED Light Kit,Accessories,113.99,1
TX000410,Full-face Helmet,Riding Gear,213.33,1
TX000411,Sport Exhaust System,Sport Parts,484.95,1
TX000411,High-flow Air Filter,Sport Parts,46.98,1
TX000411,Custom Handlebars,V-Twin Parts,154.05,1
TX000412,Leather Jacket,Riding Gear,343.21,1
TX000413,Custom Handlebars,V-Twin Parts,156.3,1
TX000414,Handlebar Grips,Dirt Parts,24.17,2
TX000415,Custom Handlebars,V-Twin Parts,155.52,1
TX000416,Cruiser Foot Pegs,V-Twin Parts,90.84,1
TX000417,Riding Boots,Riding Gear,134.38,1
TX000417,Performance Chain Kit,Sport Parts,122.48,1
TX000417,Phone Mount,Accessories,28.97,1
TX000418,Touring Seat,V-Twin Parts,290.23,1
TX000419,Chrome Engine Guard,V-Twin Parts,238.05,1
TX000419,Motorcycle Cover,Accessories,76.69,1
TX000420,LED Light Kit,Accessories,115.38,1
TX000420,Touring Seat,V-Twin Parts,296.14,1
TX000420,Handlebar Grips,Dirt Parts,24.97,1
TX000421,Leather Jacket,Riding Gear,336.81,1
TX000421,Performance Chain Kit,Sport Parts,118.99,1
TX000422,High-flow Air Filter,Sport Parts,45.24,1
TX000422,Handlebar Grips,Dirt Parts,25.4,1
TX000422,Protective Skid Plate,Dirt Parts,181.28,1
TX000422,Leather Jacket,Riding Gear,342.25,1
TX000423,Chrome Engine Guard,V-Twin Parts,231.43,1
TX000423,Tank Bag,Accessories,97.83,1
TX000423,Phone Mount,Accessories,28.76,1
TX000424,Touring Seat,V-Twin Parts,292.58,1
TX000424,Phone Mount,Accessories,30.07,1
TX000425,Full-face Helmet,Riding Gear,214.11,1
TX000425,Racing Brake Pads,Sport Parts,85.46,1
TX000426,Phone Mount,Accessories,30.33,1
TX000427,Racing Brake Pads,Sport Parts,85.98,1
TX000427,Riding Boots,Riding Gear,140.18,1
TX000428,Riding Gloves,Riding Gear,61.05,1
TX000429,Custom Handlebars,V-Twin Parts,164.38,1
TX000429,Leather Jacket,Riding Gear,354.42,1
TX000430,Phone Mount,Accessories,29.51,1
TX000430,Riding Boots,Riding Gear,143.83,1
TX000430,Riding Gloves,Riding Gear,58.13,1
TX000431,Racing Brake Pads,Sport Parts,86.29,1
TX000432,Handlebar Grips,Dirt Parts,23.92,1
TX000432,Tank Bag,Accessories,98.11,1
TX000433,Off-road Tire Set,Dirt Parts,245.81,1
TX000434,Full-face Helmet,Riding Gear,215.5,1
TX000434,Leather Jacket,Riding Gear,353.49,1
TX000435,Chrome Engine Guard,V-Twin Parts,228.25,1
TX000436,Phone Mount,Accessories,28.74,1
TX000436,Touring Seat,V-Twin Parts,292.83,1
TX000437,Phone Mount,Accessories,28.99,1
TX000437,Off-road Tire Set,Dirt Parts,255.25,1
TX000438,Tank Bag,Accessories,90.3,1
TX000439,Riding Gloves,Riding Gear,61.54,1
TX000439,Handlebar Grips,Dirt Parts,23.77,1
TX000439,Tank Bag,Accessories,96.55,1
TX000440,Cruiser Foot Pegs,V-Twin Parts,91.27,1
TX000440,Riding Gloves,Riding Gear,61.38,1
TX000440,Chrome Engine Guard,V-Twin Parts,242.49,1
TX000441,Riding Gloves,Riding Gear,58.73,1
TX000442,Off-road Tire Set,Dirt Parts,251.17,1
TX000442,High-flow Air Filter,Sport Parts,44.3,1
TX000443,Motorcycle Cover,Accessories,73.7,1
TX000443,Handlebar Grips,Dirt Parts,25.82,1
TX000443,Leather Jacket,Riding Gear,336.16,1
TX000443,Tank Bag,Accessories,94.66,1
TX000444,Custom Handlebars,V-Twin Parts,163.2,1
TX000444,Tank Bag,Accessories,98.45,1
TX000445,Chrome Engine Guard,V-Twin Parts,251.61,1
TX000445,Phone Mount,Accessories,31.41,1
TX000446,Performance Chain Kit,Sport Parts,120.28,1
TX000447,Custom Handlebars,V-Twin Parts,165.18,1
TX000447,Handlebar Grips,Dirt Parts,24.94,1
TX000448,Custom Handlebars,V-Twin Parts,159.47,1
TX000449,Sport Exhaust System,Sport Parts,492.57,1
TX000450,Racing Brake Pads,Sport Parts,81.4,1
TX000451,Suspension Upgrade Kit,Dirt Parts,386.45,1
TX000452,Riding Gloves,Riding Gear,57.7,1
TX000452,Performance Chain Kit,Sport Parts,125.26,1
TX000453,Handlebar Grips,Dirt Parts,25.83,1
TX000454,Phone Mount,Accessories,30.11,1
TX000454,Off-road Tire Set,Dirt Parts,242.92,1
TX000454,Riding Gloves,Riding Gear,60.34,1
TX000455,LED Light Kit,Accessories,107.05,1
TX000456,Touring Seat,V-Twin Parts,286.51,1
TX000457,Chrome Engine Guard,V-Twin Parts,235.56,1
TX000458,Riding Gloves,Riding Gear,57.88,1
TX000459,Custom Handlebars,V-Twin Parts,155.99,1
TX000459,Performance Chain Kit,Sport Parts,117.29,1
TX000459,Riding Boots,Riding Gear,136.01,1
TX000459,Protective Skid Plate,Dirt Parts,181.07,1
TX000460,Phone Mount,Accessories,30.92,1
TX000460,Off-road Tire Set,Dirt Parts,247.51,1
TX000460,Riding Gloves,Riding Gear,58.6,1
TX000460,Cruiser Foot Pegs,V-Twin Parts,90.49,2
TX000461,Chrome Engine Guard,V-Twin Parts,229.58,1
TX000462,Off-road Tire Set,Dirt Parts,247.95,1
TX000462,High-flow Air Filter,Sport Parts,46.79,1
TX000463,Motorcycle Cover,Accessories,72.45,1
TX000464,Motorcycle Cover,Accessories,73.53,1
TX000465,Tank Bag,Accessories,94.24,1
TX000466,Full-face Helmet,Riding Gear,226.32,1
TX000467,Phone Mount,Accessories,29.33,1
TX000468,High-flow Air Filter,Sport Parts,43.49,1
TX000468,Performance Chain Kit,Sport Parts,117.81,1
TX000469,Performance Chain Kit,Sport Parts,116.53,1
TX000469,Suspension Upgrade Kit,Dirt Parts,382.05,1
TX000469,Touring Seat,V-Twin Parts,298.26,1
TX000469,LED Light Kit,Accessories,108.84,1
TX000470,Motorcycle Cover,Accessories,72.37,1
TX000470,Riding Boots,Riding Gear,138.06,1
TX000471,Motorcycle Cover,Accessories,73.78,1
TX000472,Custom Handlebars,V-Twin Parts,156.76,1
TX000472,LED Light Kit,Accessories,109.02,1
TX000473,Sport Exhaust System,Sport Parts,487.51,1
TX000473,Handlebar Grips,Dirt Parts,23.96,1
TX000473,Performance Chain Kit,Sport Parts,125.88,1
TX000474,Sport Exhaust System,Sport Parts,492.56,1
TX000474,High-flow Air Filter,Sport Parts,45.62,1
TX000475,Off-road Tire Set,Dirt Parts,254.13,1
TX000476,Motorcycle Cover,Accessories,71.37,1
TX000476,Handlebar Grips,Dirt Parts,23.85,1
TX000477,Leather Jacket,Riding Gear,360.2,1
TX000478,Sport Exhaust System,Sport Parts,488.34,1
TX000479,Full-face Helmet,Riding Gear,218.44,1
TX000479,Riding Gloves,Riding Gear,61.61,1
TX000480,Full-face Helmet,Riding Gear,213.81,1
TX000481,Sport Exhaust System,Sport Parts,461.45,1
TX000482,Off-road Tire Set,Dirt Parts,253.07,1
TX000482,Sport Exhaust System,Sport Parts,496.42,1
TX000483,Handlebar Grips,Dirt Parts,24.49,1
TX000484,Tank Bag,Accessories,95.61,1
TX000485,LED Light Kit,Accessories,113.99,1
TX000485,Sport Exhaust System,Sport Parts,496.88,1
TX000486,Phone Mount,Accessories,30.34,1
TX000486,Full-face Helmet,Riding Gear,214.58,1
TX000486,Touring Seat,V-Twin Parts,287.45,1
TX000487,Full-face Helmet,Riding Gear,216.12,1
TX000487,Racing Brake Pads,Sport Parts,85.48,1
TX000488,Tank Bag,Accessories,98.75,1
TX000488,Suspension Upgrade Kit,Dirt Parts,391.53,1
TX000488,Protective Skid Plate,Dirt Parts,187.04,1
TX000489,Custom Handlebars,V-Twin Parts,160.64,1
TX000490,Tank Bag,Accessories,96.58,1
TX000490,Handlebar Grips,Dirt Parts,24.31,2
TX000490,Motorcycle Cover,Accessories,74.85,1
TX000491,Phone Mount,Accessories,31.17,1
TX000491,Off-road Tire Set,Dirt Parts,245.5,1
TX000491,Performance Chain Kit,Sport Parts,117.82,1
TX000492,Touring Seat,V-Twin Parts,288.85,1
TX000492,Sport Exhaust System,Sport Parts,489.28,1
TX000493,Protective Skid Plate,Dirt Parts,171.46,1
TX000493,Riding Gloves,Riding Gear,59.66,1
TX000493,Full-face Helmet,Riding Gear,227.7,1
TX000494,Protective Skid Plate,Dirt Parts,176,1
TX000494,Chrome Engine Guard,V-Twin Parts,243.65,1
TX000495,Performance Chain Kit,Sport Parts,125.19,1
TX000495,Racing Brake Pads,Sport Parts,83.06,1
TX000496,Full-face Helmet,Riding Gear,226.82,1
TX000497,Full-face Helmet,Riding Gear,213.18,1
TX000498,Phone Mount,Accessories,30.7,1
TX000499,Chrome Engine Guard,V-Twin Parts,244.23,1
TX000499,Phone Mount,Accessories,29.61,1
TX000499,Full-face Helmet,Riding Gear,226.38,1
TX000500,Cruiser Foot Pegs,V-Twin Parts,96.5,1
TX000500,Racing Brake Pads,Sport Parts,84.59,2
TX000500,Touring Seat,V-Twin Parts,297.02,1
TX000500,Protective Skid Plate,Dirt Parts,186.9,1
TX000501,Full-face Helmet,Riding Gear,219.02,1
TX000501,Suspension Upgrade Kit,Dirt Parts,409.22,1
TX000502,Suspension Upgrade Kit,Dirt Parts,403.27,1
TX000503,High-flow Air Filter,Sport Parts,42.92,1
TX000504,Handlebar Grips,Dirt Parts,25.93,1
TX000505,Handlebar Grips,Dirt Parts,24.49,1
TX000505,Performance Chain Kit,Sport Parts,115.82,1
TX000505,Tank Bag,Accessories,95.91,1
TX000506,Suspension Upgrade Kit,Dirt Parts,388.03,1
TX000507,Motorcycle Cover,Accessories,78.31,1
TX000507,Riding Boots,Riding Gear,145.25,1
TX000508,Full-face Helmet,Riding Gear,219.33,1
TX000509,Tank Bag,Accessories,97.72,1
TX000510,Motorcycle Cover,Accessories,72.24,1
TX000511,Racing Brake Pads,Sport Parts,88.42,1
TX000512,Racing Brake Pads,Sport Parts,87.77,1
TX000513,Performance Chain Kit,Sport Parts,119.59,1
TX000513,Custom Handlebars,V-Twin Parts,152.23,1
TX000514,Full-face Helmet,Riding Gear,213.07,1
TX000515,Protective Skid Plate,Dirt Parts,178.95,1
TX000515,Custom Handlebars,V-Twin Parts,154.95,1
TX000515,Leather Jacket,Riding Gear,346.03,1
TX000516,Phone Mount,Accessories,29.92,1
TX000516,LED Light Kit,Accessories,104.78,1
TX000516,Chrome Engine Guard,V-Twin Parts,240.49,1
TX000517,Phone Mount,Accessories,28.63,1
TX000517,Racing Brake Pads,Sport Parts,85.35,1
TX000518,Full-face Helmet,Riding Gear,218.93,1
TX000519,Sport Exhaust System,Sport Parts,467.8,1
TX000520,Riding Gloves,Riding Gear,57.55,1
TX000520,Racing Brake Pads,Sport Parts,86.47,1
TX000521,Riding Boots,Riding Gear,142.14,1
TX000522,Racing Brake Pads,Sport Parts,82.19,1
TX000522,Phone Mount,Accessories,30.35,1
TX000522,Handlebar Grips,Dirt Parts,25.22,1
TX000522,High-flow Air Filter,Sport Parts,44.24,1
TX000523,LED Light Kit,Accessories,115.08,1
TX000523,Touring Seat,V-Twin Parts,299.7,1
TX000524,High-flow Air Filter,Sport Parts,45.35,1
TX000524,Riding Boots,Riding Gear,144.26,1
TX000524,Touring Seat,V-Twin Parts,286.79,1
TX000524,Riding Gloves,Riding Gear,57.84,1
TX000525,Full-face Helmet,Riding Gear,222.92,1
TX000525,Handlebar Grips,Dirt Parts,26.24,1
TX000526,LED Light Kit,Accessories,111.86,1
TX000526,Tank Bag,Accessories,94.22,1
TX000526,Phone Mount,Accessories,30.28,1
TX000526,Custom Handlebars,V-Twin Parts,154.58,1
TX000527,Custom Handlebars,V-Twin Parts,165.24,1
TX000528,Handlebar Grips,Dirt Parts,25.74,1
TX000528,Custom Handlebars,V-Twin Parts,161.76,1
TX000528,Leather Jacket,Riding Gear,337.16,1
TX000529,Leather Jacket,Riding Gear,343.67,1
TX000530,Riding Gloves,Riding Gear,60.51,1
TX000531,Racing Brake Pads,Sport Parts,81.82,1
TX000531,Riding Gloves,Riding Gear,60.85,1
TX000532,Handlebar Grips,Dirt Parts,24.82,1
TX000532,Tank Bag,Accessories,98.92,1
TX000532,Full-face Helmet,Riding Gear,212.98,1
TX000533,Off-road Tire Set,Dirt Parts,258.29,1
TX000533,Full-face Helmet,Riding Gear,224.91,1
TX000533,Handlebar Grips,Dirt Parts,25.54,1
TX000534,Motorcycle Cover,Accessories,76.12,1
TX000535,Chrome Engine Guard,V-Twin Parts,241.38,1
TX000536,Leather Jacket,Riding Gear,357.71,2
TX000536,Phone Mount,Accessories,31.14,1
TX000537,Tank Bag,Accessories,92.24,1
TX000538,Riding Boots,Riding Gear,146.67,1
TX000538,Touring Seat,V-Twin Parts,313.04,1
TX000538,Off-road Tire Set,Dirt Parts,257.05,1
TX000539,Touring Seat,V-Twin Parts,290.47,1
TX000540,Custom Handlebars,V-Twin Parts,158.84,1
TX000540,Protective Skid Plate,Dirt Parts,184.41,1
TX000541,Protective Skid Plate,Dirt Parts,185.62,1
TX000542,Tank Bag,Accessories,93.83,2
TX000542,LED Light Kit,Accessories,105.19,1
TX000542,High-flow Air Filter,Sport Parts,43.24,1
TX000543,Protective Skid Plate,Dirt Parts,186.68,1
TX000543,Handlebar Grips,Dirt Parts,24.43,1
TX000544,Leather Jacket,Riding Gear,336.7,1
TX000544,Touring Seat,V-Twin Parts,309.07,1
TX000544,Protective Skid Plate,Dirt Parts,173.47,1
TX000544,Full-face Helmet,Riding Gear,216.23,2
TX000545,Phone Mount,Accessories,30.62,1
TX000545,Touring Seat,V-Twin Parts,305.33,1
TX000545,LED Light Kit,Accessories,114.1,1
TX000546,Phone Mount,Accessories,30.96,1
TX000546,Custom Handlebars,V-Twin Parts,162.18,1
TX000546,Performance Chain Kit,Sport Parts,120.93,1
TX000547,Motorcycle Cover,Accessories,76.28,1
TX000547,Riding Gloves,Riding Gear,59.18,1
TX000547,Performance Chain Kit,Sport Parts,122.7,1
TX000548,Touring Seat,V-Twin Parts,295.49,1
TX000549,Custom Handlebars,V-Twin Parts,156.77,1
TX000550,Phone Mount,Accessories,28.67,1
TX000550,Tank Bag,Accessories,95.26,1
TX000551,Racing Brake Pads,Sport Parts,81.29,1
TX000551,Sport Exhaust System,Sport Parts,478.75,1
TX000552,Off-road Tire Set,Dirt Parts,258.01,1
TX000552,Riding Boots,Riding Gear,138.87,1
TX000553,Tank Bag,Accessories,97.34,1
TX000554,Tank Bag,Accessories,90.77,1
TX000555,Performance Chain Kit,Sport Parts,123.87,1
TX000555,Handlebar Grips,Dirt Parts,25.58,1
TX000555,Protective Skid Plate,Dirt Parts,184.01,1
TX000556,Custom Handlebars,V-Twin Parts,163.9,1
TX000557,Racing Brake Pads,Sport Parts,82.73,2
TX000558,Full-face Helmet,Riding Gear,218.95,1
TX000559,Protective Skid Plate,Dirt Parts,171.18,1
TX000559,LED Light Kit,Accessories,109.57,1
TX000560,Handlebar Grips,Dirt Parts,25.71,1
TX000561,Performance Chain Kit,Sport Parts,118.84,1
TX000561,Riding Gloves,Riding Gear,61.91,1
TX000561,Cruiser Foot Pegs,V-Twin Parts,98.11,1
TX000562,Sport Exhaust System,Sport Parts,466.75,1
TX000562,Handlebar Grips,Dirt Parts,24.85,1
TX000562,High-flow Air Filter,Sport Parts,46.39,1
TX000562,Off-road Tire Set,Dirt Parts,250.93,1
TX000563,Chrome Engine Guard,V-Twin Parts,235.69,1
TX000564,Riding Gloves,Riding Gear,61.57,1
TX000564,Chrome Engine Guard,V-Twin Parts,248.75,1
TX000564,Touring Seat,V-Twin Parts,290.16,1
TX000565,High-flow Air Filter,Sport Parts,46.21,1
TX000565,LED Light Kit,Accessories,114.5,1
TX000565,Racing Brake Pads,Sport Parts,88.3,1
TX000566,Cruiser Foot Pegs,V-Twin Parts,95.42,1
TX000567,High-flow Air Filter,Sport Parts,45.7,1
TX000567,Suspension Upgrade Kit,Dirt Parts,406.53,1
TX000568,Custom Handlebars,V-Twin Parts,156.17,1
TX000568,High-flow Air Filter,Sport Parts,46.06,1
TX000568,Phone Mount,Accessories,31.06,1
TX000569,Performance Chain Kit,Sport Parts,118.11,1
TX000569,Phone Mount,Accessories,29.08,1
TX000569,Cruiser Foot Pegs,V-Twin Parts,99.16,1
TX000570,Leather Jacket,Riding Gear,356,1
TX000570,Tank Bag,Accessories,96.13,1
TX000570,Motorcycle Cover,Accessories,76.42,1
TX000571,Phone Mount,Accessories,30.19,1
TX000572,Riding Boots,Riding Gear,139.6,1
TX000572,Riding Gloves,Riding Gear,59.27,1
TX000573,Leather Jacket,Riding Gear,356.65,1
TX000574,Cruiser Foot Pegs,V-Twin Parts,95.43,1
TX000574,Performance Chain Kit,Sport Parts,120.53,1
TX000575,Protective Skid Plate,Dirt Parts,176.54,1
TX000576,Handlebar Grips,Dirt Parts,24.86,1
TX000576,Riding Gloves,Riding Gear,57.49,1
TX000577,Tank Bag,Accessories,93.78,1
TX000578,Protective Skid Plate,Dirt Parts,181.42,1
TX000579,Custom Handlebars,V-Twin Parts,159.8,1
TX000579,LED Light Kit,Accessories,107.38,1
TX000580,Cruiser Foot Pegs,V-Twin Parts,97.49,1
TX000580,Tank Bag,Accessories,93.5,1
TX000581,Riding Boots,Riding Gear,141.72,1
TX000582,Off-road Tire Set,Dirt Parts,256.22,1
TX000582,Racing Brake Pads,Sport Parts,86.15,1
TX000582,Riding Gloves,Riding Gear,61.5,1
TX000583,Riding Gloves,Riding Gear,58.3,1
TX000584,Off-road Tire Set,Dirt Parts,243.8,1
TX000584,Suspension Upgrade Kit,Dirt Parts,384.94,1
TX000584,Tank Bag,Accessories,90.26,1
TX000584,Protective Skid Plate,Dirt Parts,188.59,1
TX000585,Sport Exhaust System,Sport Parts,491.1,1
TX000585,Riding Gloves,Riding Gear,62.85,1
TX000586,Performance Chain Kit,Sport Parts,117.93,1
TX000586,Tank Bag,Accessories,95.92,1
TX000587,Full-face Helmet,Riding Gear,210.85,1
TX000587,Custom Handlebars,V-Twin Parts,162.89,1
TX000588,Handlebar Grips,Dirt Parts,24.28,1
TX000588,Full-face Helmet,Riding Gear,216.09,1
TX000589,Off-road Tire Set,Dirt Parts,260.75,1
TX000589,Phone Mount,Accessories,29.28,1
TX000590,Riding Boots,Riding Gear,139.75,1
TX000591,Cruiser Foot Pegs,V-Twin Parts,99.46,1
TX000592,Riding Gloves,Riding Gear,58.97,1
TX000593,Chrome Engine Guard,V-Twin Parts,245.47,1
TX000594,Performance Chain Kit,Sport Parts,121.9,1
TX000595,Sport Exhaust System,Sport Parts,469.82,1
TX000595,Performance Chain Kit,Sport Parts,124.04,1
TX000595,Tank Bag,Accessories,93.25,1
TX000596,Full-face Helmet,Riding Gear,216.14,1
TX000597,Full-face Helmet,Riding Gear,218.44,1
TX000597,Custom Handlebars,V-Twin Parts,153.7,1
TX000598,Riding Boots,Riding Gear,134.67,1
TX000598,Racing Brake Pads,Sport Parts,81.2,1
TX000599,Off-road Tire Set,Dirt Parts,244.06,1
TX000600,LED Light Kit,Accessories,108.35,1
TX000600,Cruiser Foot Pegs,V-Twin Parts,98.66,1
TX000601,Phone Mount,Accessories,29.36,1
TX000601,LED Light Kit,Accessories,109.51,1
TX000601,Handlebar Grips,Dirt Parts,25.64,1
TX000602,Off-road Tire Set,Dirt Parts,241.8,1
TX000603,Touring Seat,V-Twin Parts,300.46,1
TX000604,Riding Gloves,Riding Gear,57.06,1
TX000604,Handlebar Grips,Dirt Parts,25.88,1
TX000604,LED Light Kit,Accessories,104.89,1
TX000605,Full-face Helmet,Riding Gear,213.44,1
TX000605,Tank Bag,Accessories,97.47,1
TX000605,Performance Chain Kit,Sport Parts,117.61,1
TX000606,Custom Handlebars,V-Twin Parts,157.22,1
TX000606,Full-face Helmet,Riding Gear,212.26,1
TX000607,High-flow Air Filter,Sport Parts,44.66,1
TX000608,Cruiser Foot Pegs,V-Twin Parts,90.61,1
TX000609,Off-road Tire Set,Dirt Parts,256.29,1
TX000609,Motorcycle Cover,Accessories,76.32,1
TX000609,Sport Exhaust System,Sport Parts,501.03,1
TX000610,Full-face Helmet,Riding Gear,230.95,1
TX000611,Off-road Tire Set,Dirt Parts,242.59,1
TX000612,Riding Gloves,Riding Gear,61.81,1
TX000612,Phone Mount,Accessories,31.11,1
TX000613,Full-face Helmet,Riding Gear,211.93,1
TX000614,Racing Brake Pads,Sport Parts,84.78,1
TX000615,Phone Mount,Accessories,30.23,1
TX000616,Leather Jacket,Riding Gear,346.88,1
TX000616,Off-road Tire Set,Dirt Parts,237.68,1
TX000617,Protective Skid Plate,Dirt Parts,186.42,1
TX000617,Riding Gloves,Riding Gear,59.16,1
TX000617,Touring Seat,V-Twin Parts,306.52,1
TX000618,Phone Mount,Accessories,28.75,1
TX000619,Performance Chain Kit,Sport Parts,122.72,1
TX000620,Racing Brake Pads,Sport Parts,83.22,1
TX000620,Phone Mount,Accessories,31.07,1
TX000621,Riding Boots,Riding Gear,136.18,1
TX000622,Touring Seat,V-Twin Parts,298.81,1
TX000622,Phone Mount,Accessories,31.45,1
TX000622,Protective Skid Plate,Dirt Parts,172.74,1
TX000622,High-flow Air Filter,Sport Parts,44.02,1
TX000623,Racing Brake Pads,Sport Parts,82.35,1
TX000624,Chrome Engine Guard,V-Twin Parts,242.63,1
TX000624,Handlebar Grips,Dirt Parts,25.73,1
TX000625,LED Light Kit,Accessories,108.19,1
TX000626,Protective Skid Plate,Dirt Parts,181.44,1
TX000626,Suspension Upgrade Kit,Dirt Parts,391.16,1
TX000626,Chrome Engine Guard,V-Twin Parts,251.97,1
TX000626,Phone Mount,Accessories,30.24,1
TX000627,Cruiser Foot Pegs,V-Twin Parts,91.35,1
TX000627,Racing Brake Pads,Sport Parts,84.76,1
TX000628,Cruiser Foot Pegs,V-Twin Parts,96.19,1
TX000629,High-flow Air Filter,Sport Parts,45.17,1
TX000630,Leather Jacket,Riding Gear,362.85,1
TX000630,Riding Gloves,Riding Gear,58.42,2
TX000631,Phone Mount,Accessories,29.99,1
TX000632,Performance Chain Kit,Sport Parts,115.09,1
TX000633,Riding Boots,Riding Gear,138.38,1
TX000634,Riding Boots,Riding Gear,144.34,1
TX000634,Handlebar Grips,Dirt Parts,24.31,1
TX000635,High-flow Air Filter,Sport Parts,45.06,1
TX000636,Custom Handlebars,V-Twin Parts,158.22,1
TX000636,Suspension Upgrade Kit,Dirt Parts,390.5,1
TX000636,Tank Bag,Accessories,97.07,1
TX000637,Protective Skid Plate,Dirt Parts,176.81,1
TX000637,Leather Jacket,Riding Gear,338.12,1
TX000638,Custom Handlebars,V-Twin Parts,165.15,1
TX000639,Protective Skid Plate,Dirt Parts,174.46,1
TX000640,Riding Boots,Riding Gear,144.01,1
TX000640,Protective Skid Plate,Dirt Parts,171.05,1
TX000641,Leather Jacket,Riding Gear,353.36,1
TX000642,Racing Brake Pads,Sport Parts,81.89,1
TX000642,LED Light Kit,Accessories,105.3,2
TX000642,Suspension Upgrade Kit,Dirt Parts,393.91,1
TX000643,Performance Chain Kit,Sport Parts,122.67,1
TX000643,Riding Gloves,Riding Gear,60.05,1
TX000643,Chrome Engine Guard,V-Twin Parts,248.79,1
TX000644,Performance Chain Kit,Sport Parts,117.2,1
TX000645,LED Light Kit,Accessories,105.17,1
TX000645,Cruiser Foot Pegs,V-Twin Parts,90.34,1
TX000645,Leather Jacket,Riding Gear,344.03,1
TX000646,LED Light Kit,Accessories,115.32,1
TX000647,Custom Handlebars,V-Twin Parts,164.03,1
TX000647,Leather Jacket,Riding Gear,342.11,1
TX000647,Full-face Helmet,Riding Gear,216.34,1
TX000647,Tank Bag,Accessories,98.7,1
TX000648,Off-road Tire Set,Dirt Parts,244.91,1
TX000648,Racing Brake Pads,Sport Parts,81.81,1
TX000649,Suspension Upgrade Kit,Dirt Parts,417.11,1
TX000650,Chrome Engine Guard,V-Twin Parts,238.53,1
TX000650,Tank Bag,Accessories,95,1
TX000651,Handlebar Grips,Dirt Parts,23.95,1
TX000651,Racing Brake Pads,Sport Parts,83.24,1
TX000652,Phone Mount,Accessories,28.81,1
TX000653,Handlebar Grips,Dirt Parts,25.92,1
TX000653,Suspension Upgrade Kit,Dirt Parts,405.04,1
TX000653,Performance Chain Kit,Sport Parts,115.35,1
TX000654,Sport Exhaust System,Sport Parts,477.79,1
TX000654,Off-road Tire Set,Dirt Parts,251.8,1
TX000654,Motorcycle Cover,Accessories,77.69,1
TX000655,Custom Handlebars,V-Twin Parts,163.61,1
TX000655,Chrome Engine Guard,V-Twin Parts,251.39,1
TX000655,Tank Bag,Accessories,90.87,2
TX000655,Racing Brake Pads,Sport Parts,86.24,1
TX000656,Phone Mount,Accessories,28.62,1
TX000656,Tank Bag,Accessories,98.1,1
TX000657,Suspension Upgrade Kit,Dirt Parts,405.64,1
TX000658,Phone Mount,Accessories,29.93,1
TX000659,Chrome Engine Guard,V-Twin Parts,244.01,1
TX000659,Racing Brake Pads,Sport Parts,80.85,1
TX000660,Suspension Upgrade Kit,Dirt Parts,389.79,1
TX000660,Performance Chain Kit,Sport Parts,124.07,1
TX000660,Riding Gloves,Riding Gear,58.46,1
TX000661,Tank Bag,Accessories,97.47,1
TX000662,Full-face Helmet,Riding Gear,224.04,1
TX000662,Protective Skid Plate,Dirt Parts,184.09,1
TX000663,Racing Brake Pads,Sport Parts,87.89,1
TX000664,Motorcycle Cover,Accessories,75.72,1
TX000664,Touring Seat,V-Twin Parts,285.8,1
TX000665,Riding Gloves,Riding Gear,58.7,1
TX000665,Leather Jacket,Riding Gear,343.2,1
TX000665,Tank Bag,Accessories,96.14,1
TX000666,Performance Chain Kit,Sport Parts,120.95,1
TX000667,Leather Jacket,Riding Gear,356.05,1
TX000668,Full-face Helmet,Riding Gear,230.08,1
TX000669,Riding Boots,Riding Gear,136.05,1
TX000670,Tank Bag,Accessories,92.36,2
TX000671,Handlebar Grips,Dirt Parts,26.03,1
TX000671,Cruiser Foot Pegs,V-Twin Parts,91.82,1
TX000671,Motorcycle Cover,Accessories,78.63,1
TX000672,Custom Handlebars,V-Twin Parts,166.33,1
TX000672,Tank Bag,Accessories,96.49,1
TX000673,Suspension Upgrade Kit,Dirt Parts,392.15,1
TX000673,Phone Mount,Accessories,28.93,1
TX000673,Leather Jacket,Riding Gear,347.3,1
TX000673,Chrome Engine Guard,V-Twin Parts,231.39,1
TX000674,LED Light Kit,Accessories,107.11,1
TX000674,Handlebar Grips,Dirt Parts,24.06,1
TX000675,Leather Jacket,Riding Gear,333.87,1
TX000675,Full-face Helmet,Riding Gear,228.6,1
TX000676,High-flow Air Filter,Sport Parts,43.85,1
TX000676,Leather Jacket,Riding Gear,336.25,1
TX000676,Phone Mount,Accessories,31.23,1
TX000676,Tank Bag,Accessories,96.24,1
TX000677,Handlebar Grips,Dirt Parts,24.87,1
TX000678,Full-face Helmet,Riding Gear,228.27,1
TX000679,Custom Handlebars,V-Twin Parts,158.01,1
TX000679,Riding Gloves,Riding Gear,57.88,1
TX000680,Off-road Tire Set,Dirt Parts,237.92,1
TX000680,Full-face Helmet,Riding Gear,214.93,1
TX000681,Performance Chain Kit,Sport Parts,115.01,1
TX000681,Off-road Tire Set,Dirt Parts,253.25,1
TX000681,Leather Jacket,Riding Gear,344.55,2
TX000682,Performance Chain Kit,Sport Parts,123.79,1
TX000683,Phone Mount,Accessories,29.75,1
TX000684,Chrome Engine Guard,V-Twin Parts,241.94,1
TX000684,Performance Chain Kit,Sport Parts,119.96,1
TX000684,Racing Brake Pads,Sport Parts,84.54,1
TX000685,Riding Gloves,Riding Gear,57.77,1
TX000686,Suspension Upgrade Kit,Dirt Parts,415.46,1
TX000686,Motorcycle Cover,Accessories,75.78,1
TX000686,Off-road Tire Set,Dirt Parts,247.93,1
TX000686,Riding Boots,Riding Gear,134.31,1
TX000687,Cruiser Foot Pegs,V-Twin Parts,96.16,1
TX000688,LED Light Kit,Accessories,104.72,1
TX000688,Off-road Tire Set,Dirt Parts,248.88,1
TX000688,Riding Boots,Riding Gear,133.1,1
TX000688,Sport Exhaust System,Sport Parts,490.47,1
TX000689,Phone Mount,Accessories,29.03,1
TX000690,Motorcycle Cover,Accessories,77.75,1
TX000690,Off-road Tire Set,Dirt Parts,248.7,1
TX000691,Cruiser Foot Pegs,V-Twin Parts,94.87,1
TX000691,Phone Mount,Accessories,31.25,1
TX000692,Full-face Helmet,Riding Gear,219.21,1
TX000692,Protective Skid Plate,Dirt Parts,187.47,1
TX000693,Phone Mount,Accessories,29.87,1
TX000693,Full-face Helmet,Riding Gear,229.46,1
TX000694,Custom Handlebars,V-Twin Parts,163.37,1
TX000694,High-flow Air Filter,Sport Parts,45.08,1
TX000694,Off-road Tire Set,Dirt Parts,262.11,1
TX000695,Riding Gloves,Riding Gear,62.77,1
TX000695,Off-road Tire Set,Dirt Parts,244.74,1
TX000696,Full-face Helmet,Riding Gear,216.28,1
TX000696,Tank Bag,Accessories,99.64,1
TX000697,Riding Boots,Riding Gear,145.95,1
TX000697,LED Light Kit,Accessories,105.64,1
TX000697,Full-face Helmet,Riding Gear,215.59,1
TX000697,Racing Brake Pads,Sport Parts,89.23,1
TX000698,Full-face Helmet,Riding Gear,228.78,1
TX000698,Riding Gloves,Riding Gear,57.8,1
TX000698,Racing Brake Pads,Sport Parts,87.93,1
TX000698,Sport Exhaust System,Sport Parts,480.97,1
TX000699,Leather Jacket,Riding Gear,360.98,1
TX000699,Touring Seat,V-Twin Parts,301.26,1
TX000700,Phone Mount,Accessories,28.95,1
TX000701,Off-road Tire Set,Dirt Parts,250.91,2
TX000702,Racing Brake Pads,Sport Parts,88.85,1
TX000702,Full-face Helmet,Riding Gear,224.7,1
TX000703,Riding Boots,Riding Gear,137.53,1
TX000704,LED Light Kit,Accessories,106.23,1
TX000705,Full-face Helmet,Riding Gear,222.69,1
TX000705,Chrome Engine Guard,V-Twin Parts,232.96,1
TX000705,Racing Brake Pads,Sport Parts,88.11,1
TX000706,Performance Chain Kit,Sport Parts,124.27,1
TX000706,Off-road Tire Set,Dirt Parts,239.77,1
TX000707,Performance Chain Kit,Sport Parts,121.39,1
TX000708,Chrome Engine Guard,V-Twin Parts,246.32,1
TX000709,Full-face Helmet,Riding Gear,224.41,1
TX000709,Sport Exhaust System,Sport Parts,461.08,1
TX000709,Off-road Tire Set,Dirt Parts,257.87,1
TX000710,Cruiser Foot Pegs,V-Twin Parts,95.8,1
TX000711,Protective Skid Plate,Dirt Parts,178.26,1
TX000711,LED Light Kit,Accessories,109.91,1
TX000712,Full-face Helmet,Riding Gear,211.34,1
TX000712,Handlebar Grips,Dirt Parts,24.18,1
TX000712,Phone Mount,Accessories,29.13,1
TX000713,Handlebar Grips,Dirt Parts,26.16,1
TX000713,Cruiser Foot Pegs,V-Twin Parts,92.7,1
TX000714,Riding Gloves,Riding Gear,60.98,1
TX000715,Touring Seat,V-Twin Parts,286.57,1
TX000715,Handlebar Grips,Dirt Parts,24.25,1
TX000715,High-flow Air Filter,Sport Parts,44.34,1
TX000716,Chrome Engine Guard,V-Twin Parts,240.46,1
TX000717,Full-face Helmet,Riding Gear,216.07,1
TX000718,Riding Gloves,Riding Gear,62.93,1
TX000719,High-flow Air Filter,Sport Parts,46.52,1
TX000719,Performance Chain Kit,Sport Parts,121.23,1
TX000720,Leather Jacket,Riding Gear,339.32,1
TX000720,High-flow Air Filter,Sport Parts,45.54,1
TX000721,Full-face Helmet,Riding Gear,228.27,1
TX000721,Riding Boots,Riding Gear,135.35,1
TX000721,Suspension Upgrade Kit,Dirt Parts,399.49,1
TX000721,Cruiser Foot Pegs,V-Twin Parts,99.24,1
TX000722,High-flow Air Filter,Sport Parts,46.1,1
TX000723,Tank Bag,Accessories,98.69,1
TX000723,Racing Brake Pads,Sport Parts,84.58,1
TX000724,Sport Exhaust System,Sport Parts,486.04,1
TX000725,Protective Skid Plate,Dirt Parts,174.56,1
TX000725,Handlebar Grips,Dirt Parts,25.23,1
TX000726,Off-road Tire Set,Dirt Parts,237.89,1
TX000727,Sport Exhaust System,Sport Parts,486.85,1
TX000728,Full-face Helmet,Riding Gear,229.25,1
TX000729,Racing Brake Pads,Sport Parts,82.98,1
TX000729,Tank Bag,Accessories,99.05,1
TX000730,Leather Jacket,Riding Gear,336.17,1
TX000730,LED Light Kit,Accessories,110.22,1
TX000730,Custom Handlebars,V-Twin Parts,152.24,1
TX000731,High-flow Air Filter,Sport Parts,45.58,1
TX000731,Cruiser Foot Pegs,V-Twin Parts,99.62,1
TX000732,Handlebar Grips,Dirt Parts,25.36,1
TX000732,High-flow Air Filter,Sport Parts,46.65,1
TX000732,Cruiser Foot Pegs,V-Twin Parts,98.99,1
TX000733,Riding Gloves,Riding Gear,61.78,1
TX000733,Full-face Helmet,Riding Gear,210.89,1
TX000734,Touring Seat,V-Twin Parts,296.66,1
TX000735,Phone Mount,Accessories,30.06,1
TX000735,LED Light Kit,Accessories,109.58,1
TX000736,Touring Seat,V-Twin Parts,304.93,1
TX000736,Tank Bag,Accessories,98.19,1
TX000736,Phone Mount,Accessories,30.83,2
TX000737,High-flow Air Filter,Sport Parts,45.96,1
TX000737,Motorcycle Cover,Accessories,75.52,1
TX000737,Handlebar Grips,Dirt Parts,24.83,1
TX000738,Riding Gloves,Riding Gear,61.31,2
TX000739,Cruiser Foot Pegs,V-Twin Parts,97.69,1
TX000739,Performance Chain Kit,Sport Parts,119.82,1
TX000739,Riding Gloves,Riding Gear,59.29,1
TX000740,Cruiser Foot Pegs,V-Twin Parts,98.31,1
TX000741,Chrome Engine Guard,V-Twin Parts,241.85,1
TX000741,Phone Mount,Accessories,28.59,1
TX000742,Performance Chain Kit,Sport Parts,119.31,1
TX000743,Suspension Upgrade Kit,Dirt Parts,381.5,1
TX000744,Performance Chain Kit,Sport Parts,118.97,1
TX000745,Performance Chain Kit,Sport Parts,123.67,1
TX000745,Leather Jacket,Riding Gear,362.89,1
TX000746,Racing Brake Pads,Sport Parts,85.59,1
TX000746,Protective Skid Plate,Dirt Parts,188.43,1
TX000747,Touring Seat,V-Twin Parts,301.25,1
TX000747,Custom Handlebars,V-Twin Parts,156.11,1
TX000747,LED Light Kit,Accessories,111.45,1
TX000748,Leather Jacket,Riding Gear,339.83,1
TX000748,Touring Seat,V-Twin Parts,307.24,1
TX000748,Phone Mount,Accessories,31.4,1
TX000749,Racing Brake Pads,Sport Parts,86.09,1
TX000749,Custom Handlebars,V-Twin Parts,163.88,1
TX000750,Full-face Helmet,Riding Gear,222.94,1
TX000751,Protective Skid Plate,Dirt Parts,178.93,1
TX000752,Full-face Helmet,Riding Gear,209.52,1
TX000752,Phone Mount,Accessories,29.4,1
TX000752,Leather Jacket,Riding Gear,339.79,1
TX000753,Off-road Tire Set,Dirt Parts,260.39,1
TX000754,LED Light Kit,Accessories,108.2,1
TX000755,Phone Mount,Accessories,29.3,1
TX000756,Custom Handlebars,V-Twin Parts,161.89,1
TX000756,Protective Skid Plate,Dirt Parts,177.82,1
TX000757,Chrome Engine Guard,V-Twin Parts,228.78,1
TX000757,Racing Brake Pads,Sport Parts,85.33,1
TX000758,Handlebar Grips,Dirt Parts,26.24,1
TX000759,High-flow Air Filter,Sport Parts,44.31,1
TX000759,Full-face Helmet,Riding Gear,224.09,1
TX000759,Off-road Tire Set,Dirt Parts,244.2,1
TX000760,Performance Chain Kit,Sport Parts,121.9,1
TX000760,Tank Bag,Accessories,96.4,1
TX000761,Full-face Helmet,Riding Gear,222.86,1
TX000761,Handlebar Grips,Dirt Parts,24.76,1
TX000761,Riding Gloves,Riding Gear,57.67,2
TX000762,High-flow Air Filter,Sport Parts,43.82,1
TX000762,Chrome Engine Guard,V-Twin Parts,238.65,1
TX000762,Racing Brake Pads,Sport Parts,84.25,1
TX000763,Full-face Helmet,Riding Gear,215.31,1
TX000763,Phone Mount,Accessories,29.34,1
TX000763,LED Light Kit,Accessories,114.65,1
TX000763,Racing Brake Pads,Sport Parts,88.18,1
TX000764,Custom Handlebars,V-Twin Parts,167.69,1
TX000764,LED Light Kit,Accessories,106.98,1
TX000765,Phone Mount,Accessories,31.01,1
TX000766,Custom Handlebars,V-Twin Parts,166.8,1
TX000766,Performance Chain Kit,Sport Parts,120,1
TX000766,Touring Seat,V-Twin Parts,306.44,1
TX000767,Phone Mount,Accessories,30.18,1
TX000767,Chrome Engine Guard,V-Twin Parts,231.47,1
TX000767,Protective Skid Plate,Dirt Parts,177.01,1
TX000768,Riding Boots,Riding Gear,138.13,1
TX000769,LED Light Kit,Accessories,111.19,1
TX000770,Cruiser Foot Pegs,V-Twin Parts,95.57,1
TX000771,Handlebar Grips,Dirt Parts,25.34,1
TX000771,Suspension Upgrade Kit,Dirt Parts,413.02,1
TX000772,Handlebar Grips,Dirt Parts,26.1,1
TX000773,Off-road Tire Set,Dirt Parts,242.28,1
TX000773,Suspension Upgrade Kit,Dirt Parts,398.16,1
TX000774,Suspension Upgrade Kit,Dirt Parts,381.16,1
TX000774,Off-road Tire Set,Dirt Parts,260.05,1
TX000775,Cruiser Foot Pegs,V-Twin Parts,91.36,1
TX000775,Motorcycle Cover,Accessories,75.28,1
TX000776,Performance Chain Kit,Sport Parts,114.69,1
TX000777,High-flow Air Filter,Sport Parts,46.01,1
TX000777,Cruiser Foot Pegs,V-Twin Parts,94.11,1
TX000778,Phone Mount,Accessories,30.73,1
TX000778,Chrome Engine Guard,V-Twin Parts,247.63,1
TX000778,Performance Chain Kit,Sport Parts,125.16,1
TX000779,Tank Bag,Accessories,91.06,1
TX000780,Protective Skid Plate,Dirt Parts,187.17,1
TX000780,Tank Bag,Accessories,96.76,1
TX000780,Chrome Engine Guard,V-Twin Parts,230.13,1
TX000781,Off-road Tire Set,Dirt Parts,250.53,1
TX000782,Chrome Engine Guard,V-Twin Parts,238.6,1
TX000783,Chrome Engine Guard,V-Twin Parts,247.02,1
TX000783,Performance Chain Kit,Sport Parts,121.76,1
TX000783,Tank Bag,Accessories,90.65,1
TX000784,Custom Handlebars,V-Twin Parts,162.49,1
TX000784,Handlebar Grips,Dirt Parts,25.91,1
TX000785,Chrome Engine Guard,V-Twin Parts,232.99,1
TX000786,Leather Jacket,Riding Gear,352.17,1
TX000787,Motorcycle Cover,Accessories,75.53,1
TX000788,Off-road Tire Set,Dirt Parts,257.46,1
TX000789,Tank Bag,Accessories,96.98,1
TX000789,Performance Chain Kit,Sport Parts,124.28,1
TX000790,Custom Handlebars,V-Twin Parts,166.19,1
TX000790,Suspension Upgrade Kit,Dirt Parts,409.83,1
TX000791,Performance Chain Kit,Sport Parts,123.69,1
TX000792,Off-road Tire Set,Dirt Parts,254.11,1
TX000793,Off-road Tire Set,Dirt Parts,253.48,1
TX000793,Sport Exhaust System,Sport Parts,491.39,1
TX000793,Riding Boots,Riding Gear,139.07,1
TX000794,Handlebar Grips,Dirt Parts,23.97,1
TX000795,High-flow Air Filter,Sport Parts,44.84,1
TX000796,Racing Brake Pads,Sport Parts,85.51,1
TX000796,Phone Mount,Accessories,30.33,1
TX000797,LED Light Kit,Accessories,106.31,1
TX000798,Suspension Upgrade Kit,Dirt Parts,394.2,1
TX000798,Phone Mount,Accessories,30.01,1
TX000799,Phone Mount,Accessories,30.98,1
TX000799,Motorcycle Cover,Accessories,74.24,1
TX000799,LED Light Kit,Accessories,109.64,1
TX000800,High-flow Air Filter,Sport Parts,44.39,1
TX000800,Sport Exhaust System,Sport Parts,493.84,1
TX000800,Performance Chain Kit,Sport Parts,125.49,1
TX000800,Handlebar Grips,Dirt Parts,25.16,1
TX000801,Racing Brake Pads,Sport Parts,84.81,1
TX000802,Phone Mount,Accessories,30.9,1
TX000802,Full-face Helmet,Riding Gear,225.95,1
TX000803,High-flow Air Filter,Sport Parts,46.94,1
TX000803,Custom Handlebars,V-Twin Parts,160.18,1
TX000803,Leather Jacket,Riding Gear,364.14,1
TX000804,Leather Jacket,Riding Gear,353,1
TX000805,Performance Chain Kit,Sport Parts,116.32,1
TX000806,Off-road Tire Set,Dirt Parts,247.15,1
TX000806,LED Light Kit,Accessories,111.13,1
TX000807,Phone Mount,Accessories,29.18,1
TX000807,Full-face Helmet,Riding Gear,226.92,1
TX000808,Off-road Tire Set,Dirt Parts,251.95,1
TX000809,Touring Seat,V-Twin Parts,290.42,1
TX000809,Chrome Engine Guard,V-Twin Parts,244.9,1
TX000810,Touring Seat,V-Twin Parts,313.3,1
TX000811,Suspension Upgrade Kit,Dirt Parts,413.4,1
TX000811,Leather Jacket,Riding Gear,349.42,1
TX000811,Protective Skid Plate,Dirt Parts,173.08,1
TX000812,Leather Jacket,Riding Gear,359.2,1
TX000812,LED Light Kit,Accessories,108.42,1
TX000813,Suspension Upgrade Kit,Dirt Parts,388.61,1
TX000813,Off-road Tire Set,Dirt Parts,241.82,1
TX000813,Phone Mount,Accessories,31.23,1
TX000814,LED Light Kit,Accessories,111.72,1
TX000814,High-flow Air Filter,Sport Parts,44.02,1
TX000814,Motorcycle Cover,Accessories,77.71,1
TX000815,Sport Exhaust System,Sport Parts,478.81,1
TX000816,Riding Gloves,Riding Gear,60.56,1
TX000817,LED Light Kit,Accessories,112.32,1
TX000818,Performance Chain Kit,Sport Parts,118.96,1
TX000818,Suspension Upgrade Kit,Dirt Parts,395,1
TX000818,LED Light Kit,Accessories,108.01,1
TX000819,Cruiser Foot Pegs,V-Twin Parts,95.97,1
TX000819,Leather Jacket,Riding Gear,346.97,1
TX000819,Suspension Upgrade Kit,Dirt Parts,397.44,1
TX000820,Leather Jacket,Riding Gear,357.74,1
TX000821,Chrome Engine Guard,V-Twin Parts,228.75,1
TX000821,Off-road Tire Set,Dirt Parts,243.52,1
TX000821,Suspension Upgrade Kit,Dirt Parts,383.34,1
TX000822,Tank Bag,Accessories,90.62,1
TX000822,Cruiser Foot Pegs,V-Twin Parts,98.15,1
TX000823,Cruiser Foot Pegs,V-Twin Parts,91.21,1
TX000824,High-flow Air Filter,Sport Parts,45.94,1
TX000825,Performance Chain Kit,Sport Parts,117.72,1
TX000825,Tank Bag,Accessories,96.9,1
TX000825,Custom Handlebars,V-Twin Parts,153.22,1
TX000826,Leather Jacket,Riding Gear,353,1
TX000827,Tank Bag,Accessories,92.78,1
TX000827,Phone Mount,Accessories,30.02,1
TX000827,Sport Exhaust System,Sport Parts,500.77,1
TX000828,Riding Boots,Riding Gear,137.24,1
TX000828,Sport Exhaust System,Sport Parts,469.09,1
TX000828,Suspension Upgrade Kit,Dirt Parts,415.51,1
TX000829,Tank Bag,Accessories,97.65,1
TX000829,Phone Mount,Accessories,30.3,1
TX000829,Protective Skid Plate,Dirt Parts,179.96,1
TX000830,Off-road Tire Set,Dirt Parts,239.36,1
TX000831,Tank Bag,Accessories,95.68,1
TX000832,Suspension Upgrade Kit,Dirt Parts,381.32,1
TX000833,Racing Brake Pads,Sport Parts,84.85,2
TX000834,Full-face Helmet,Riding Gear,209.96,1
TX000835,Touring Seat,V-Twin Parts,304.92,1
TX000835,Phone Mount,Accessories,31.41,1
TX000835,High-flow Air Filter,Sport Parts,43.7,1
TX000835,Cruiser Foot Pegs,V-Twin Parts,96.79,1
TX000836,Motorcycle Cover,Accessories,78.06,1
TX000836,Racing Brake Pads,Sport Parts,85.29,1
TX000836,Leather Jacket,Riding Gear,346.85,1
TX000837,Touring Seat,V-Twin Parts,293.48,1
TX000838,Riding Boots,Riding Gear,135.76,1
TX000838,Racing Brake Pads,Sport Parts,87.01,2
TX000839,Riding Boots,Riding Gear,146.07,1
TX000840,Protective Skid Plate,Dirt Parts,175.31,1
TX000840,Performance Chain Kit,Sport Parts,123.85,1
TX000840,Chrome Engine Guard,V-Twin Parts,240.2,1
TX000841,Riding Gloves,Riding Gear,61.2,1
TX000841,Off-road Tire Set,Dirt Parts,238.8,1
TX000842,Chrome Engine Guard,V-Twin Parts,247.39,1
TX000842,Tank Bag,Accessories,91.21,1
TX000842,Motorcycle Cover,Accessories,76.14,2
TX000843,Custom Handlebars,V-Twin Parts,164.34,1
TX000843,Off-road Tire Set,Dirt Parts,260.56,1
TX000844,Full-face Helmet,Riding Gear,220.11,1
TX000844,Handlebar Grips,Dirt Parts,25.78,1
TX000845,Suspension Upgrade Kit,Dirt Parts,409.37,1
TX000846,Tank Bag,Accessories,94.91,1
TX000847,Phone Mount,Accessories,31.12,1
TX000848,Performance Chain Kit,Sport Parts,119.26,1
TX000848,Racing Brake Pads,Sport Parts,88.98,1
TX000848,Handlebar Grips,Dirt Parts,25.9,1
TX000849,Off-road Tire Set,Dirt Parts,252.83,1
TX000849,Racing Brake Pads,Sport Parts,86.38,1
TX000849,Full-face Helmet,Riding Gear,227.03,1
TX000849,Cruiser Foot Pegs,V-Twin Parts,91.39,1
TX000850,Racing Brake Pads,Sport Parts,83.49,1
TX000850,Suspension Upgrade Kit,Dirt Parts,413.33,1
TX000850,Handlebar Grips,Dirt Parts,25.32,1
TX000851,Riding Gloves,Riding Gear,58.54,1
TX000852,Touring Seat,V-Twin Parts,287.39,1
TX000853,Tank Bag,Accessories,91.42,1
TX000854,Leather Jacket,Riding Gear,359.23,1
TX000855,Racing Brake Pads,Sport Parts,82.52,1
TX000855,Sport Exhaust System,Sport Parts,482.15,1
TX000856,Touring Seat,V-Twin Parts,286.93,1
TX000856,Phone Mount,Accessories,30.26,1
TX000857,Cruiser Foot Pegs,V-Twin Parts,94.34,1
TX000857,Full-face Helmet,Riding Gear,228.53,1
TX000858,Suspension Upgrade Kit,Dirt Parts,397.67,1
TX000858,Off-road Tire Set,Dirt Parts,244.1,1
TX000859,Racing Brake Pads,Sport Parts,85.27,1
TX000859,Leather Jacket,Riding Gear,357.1,1
TX000859,Off-road Tire Set,Dirt Parts,242.34,1
TX000859,Phone Mount,Accessories,30.71,1
TX000860,Performance Chain Kit,Sport Parts,123.4,2
TX000861,Handlebar Grips,Dirt Parts,25.48,1
TX000861,Phone Mount,Accessories,30.04,1
TX000862,Riding Gloves,Riding Gear,57.25,1
TX000862,Phone Mount,Accessories,30.13,1
TX000863,High-flow Air Filter,Sport Parts,43.8,1
TX000863,Riding Gloves,Riding Gear,60.93,1
TX000864,Sport Exhaust System,Sport Parts,461.07,1
TX000864,LED Light Kit,Accessories,110.21,1
TX000865,High-flow Air Filter,Sport Parts,43.88,1
TX000866,High-flow Air Filter,Sport Parts,45.28,2
TX000867,Tank Bag,Accessories,93.56,1
TX000868,Handlebar Grips,Dirt Parts,25.99,1
TX000868,Chrome Engine Guard,V-Twin Parts,234,1
TX000868,Racing Brake Pads,Sport Parts,86.62,1
TX000869,Full-face Helmet,Riding Gear,216.32,1
TX000869,Protective Skid Plate,Dirt Parts,172.61,1
TX000870,Motorcycle Cover,Accessories,75.33,1
TX000871,Riding Gloves,Riding Gear,61.14,1
TX000872,Handlebar Grips,Dirt Parts,25.59,1
TX000873,Chrome Engine Guard,V-Twin Parts,233.05,1
TX000873,Suspension Upgrade Kit,Dirt Parts,415.87,1
TX000874,Racing Brake Pads,Sport Parts,87.34,1
TX000875,Touring Seat,V-Twin Parts,292.68,1
TX000875,Riding Gloves,Riding Gear,57.7,1
TX000876,Leather Jacket,Riding Gear,342.68,1
TX000876,Protective Skid Plate,Dirt Parts,188.29,2
TX000877,Cruiser Foot Pegs,V-Twin Parts,93.8,1
TX000877,Tank Bag,Accessories,98.2,1
TX000878,Chrome Engine Guard,V-Twin Parts,228.48,1
TX000878,Touring Seat,V-Twin Parts,305.97,1
TX000879,LED Light Kit,Accessories,108.27,1
TX000880,Riding Gloves,Riding Gear,62.27,1
TX000881,Motorcycle Cover,Accessories,73.78,1
TX000881,Performance Chain Kit,Sport Parts,124.33,1
TX000882,LED Light Kit,Accessories,110.07,1
TX000882,Phone Mount,Accessories,29.33,2
TX000883,Off-road Tire Set,Dirt Parts,262.39,1
TX000883,Touring Seat,V-Twin Parts,288.39,1
TX000883,Full-face Helmet,Riding Gear,227.05,1
TX000883,Tank Bag,Accessories,92.52,1
TX000884,Riding Gloves,Riding Gear,62.75,1
TX000885,Chrome Engine Guard,V-Twin Parts,234.53,1
TX000885,LED Light Kit,Accessories,113.7,1
TX000886,Riding Gloves,Riding Gear,59.36,1
TX000886,Riding Boots,Riding Gear,133.86,1
TX000886,Cruiser Foot Pegs,V-Twin Parts,99.65,1
TX000887,Custom Handlebars,V-Twin Parts,153.68,1
TX000887,Phone Mount,Accessories,30,1
TX000888,Leather Jacket,Riding Gear,340.66,1
TX000889,Full-face Helmet,Riding Gear,215.44,1
TX000890,Riding Gloves,Riding Gear,62.71,1
TX000891,Racing Brake Pads,Sport Parts,86.82,1
TX000891,High-flow Air Filter,Sport Parts,45.92,1
TX000892,Sport Exhaust System,Sport Parts,488.41,1
TX000893,Full-face Helmet,Riding Gear,227.7,1
TX000893,Off-road Tire Set,Dirt Parts,259.67,2
TX000893,Phone Mount,Accessories,29.62,1
TX000894,Leather Jacket,Riding Gear,352.81,1
TX000895,LED Light Kit,Accessories,107.75,1
TX000895,Riding Boots,Riding Gear,144.77,1
TX000895,Riding Gloves,Riding Gear,57.23,1
TX000896,LED Light Kit,Accessories,106.23,1
TX000897,Cruiser Foot Pegs,V-Twin Parts,91.32,1
TX000897,Sport Exhaust System,Sport Parts,457.97,1
TX000898,Leather Jacket,Riding Gear,333.34,1
TX000898,Racing Brake Pads,Sport Parts,83.58,1
TX000898,Touring Seat,V-Twin Parts,292.88,1
TX000898,Full-face Helmet,Riding Gear,224.16,1
TX000899,Leather Jacket,Riding Gear,363.67,1
TX000899,Riding Boots,Riding Gear,144.37,1
TX000900,Leather Jacket,Riding Gear,333.84,1
TX000900,Suspension Upgrade Kit,Dirt Parts,411.12,1
TX000901,Racing Brake Pads,Sport Parts,84.28,1
TX000901,Riding Gloves,Riding Gear,58.05,1
TX000902,Handlebar Grips,Dirt Parts,23.93,1
TX000902,Riding Gloves,Riding Gear,62.63,1
TX000903,Riding Gloves,Riding Gear,58.02,1
TX000903,Protective Skid Plate,Dirt Parts,183.94,1
TX000904,LED Light Kit,Accessories,105.9,1
TX000905,Chrome Engine Guard,V-Twin Parts,241.45,1
TX000905,Riding Gloves,Riding Gear,61.77,1
TX000905,Performance Chain Kit,Sport Parts,114.08,1
TX000906,Touring Seat,V-Twin Parts,293.38,1
TX000907,Custom Handlebars,V-Twin Parts,166.89,1
TX000907,Tank Bag,Accessories,97.36,1
TX000907,Off-road Tire Set,Dirt Parts,240.99,1
TX000907,Phone Mount,Accessories,29.77,1
TX000908,High-flow Air Filter,Sport Parts,46.69,1
TX000908,Phone Mount,Accessories,30.05,1
TX000908,Off-road Tire Set,Dirt Parts,252,1
TX000909,Riding Gloves,Riding Gear,59.78,1
TX000910,Racing Brake Pads,Sport Parts,81.84,1
TX000911,Protective Skid Plate,Dirt Parts,181.85,1
TX000911,Handlebar Grips,Dirt Parts,23.79,1
TX000911,Leather Jacket,Riding Gear,352.7,1
TX000912,Riding Boots,Riding Gear,137.74,1
TX000912,LED Light Kit,Accessories,113.94,1
TX000913,Touring Seat,V-Twin Parts,311.92,1
TX000914,LED Light Kit,Accessories,114.89,1
TX000915,Racing Brake Pads,Sport Parts,86.29,1
TX000915,Handlebar Grips,Dirt Parts,23.75,1
TX000915,Custom Handlebars,V-Twin Parts,154.63,1
TX000916,Suspension Upgrade Kit,Dirt Parts,419.63,1
TX000916,Leather Jacket,Riding Gear,350.23,1
TX000916,Touring Seat,V-Twin Parts,292.18,1
TX000917,Off-road Tire Set,Dirt Parts,250.4,1
TX000918,Handlebar Grips,Dirt Parts,24.88,1
TX000918,Cruiser Foot Pegs,V-Twin Parts,99.22,1
TX000918,Off-road Tire Set,Dirt Parts,251.52,1
TX000919,Motorcycle Cover,Accessories,75.21,1
TX000920,Motorcycle Cover,Accessories,76.72,1
TX000920,Suspension Upgrade Kit,Dirt Parts,407.21,1
TX000920,Off-road Tire Set,Dirt Parts,243.21,1
TX000921,Racing Brake Pads,Sport Parts,86.68,1
TX000922,Handlebar Grips,Dirt Parts,25.4,1
TX000923,Racing Brake Pads,Sport Parts,83.44,1
TX000924,Chrome Engine Guard,V-Twin Parts,242.66,1
TX000924,Full-face Helmet,Riding Gear,209.34,1
TX000924,Riding Boots,Riding Gear,136.14,1
TX000924,Riding Gloves,Riding Gear,59.5,1
TX000925,LED Light Kit,Accessories,106.81,1
TX000925,Performance Chain Kit,Sport Parts,117.8,1
TX000926,Off-road Tire Set,Dirt Parts,249.76,1
TX000926,Protective Skid Plate,Dirt Parts,186.93,1
TX000926,LED Light Kit,Accessories,106.93,1
